TimeQuest Timing Analyzer report for DSS
Sun Jan 05 17:55:49 2025
Quartus II 64-Bit Version 13.1.0 Build 162 10/23/2013 SJ Web Edition


---------------------
; Table of Contents ;
---------------------
  1. Legal Notice
  2. TimeQuest Timing Analyzer Summary
  3. Parallel Compilation
  4. Clocks
  5. Slow 1200mV 85C Model Fmax Summary
  6. Timing Closure Recommendations
  7. Slow 1200mV 85C Model Setup Summary
  8. Slow 1200mV 85C Model Hold Summary
  9. Slow 1200mV 85C Model Recovery Summary
 10. Slow 1200mV 85C Model Removal Summary
 11. Slow 1200mV 85C Model Minimum Pulse Width Summary
 12. Slow 1200mV 85C Model Setup: 'clkin'
 13. Slow 1200mV 85C Model Hold: 'clkin'
 14. Slow 1200mV 85C Model Minimum Pulse Width: 'clkin'
 15. Setup Times
 16. Hold Times
 17. Clock to Output Times
 18. Minimum Clock to Output Times
 19. Slow 1200mV 85C Model Metastability Report
 20. Slow 1200mV 0C Model Fmax Summary
 21. Slow 1200mV 0C Model Setup Summary
 22. Slow 1200mV 0C Model Hold Summary
 23. Slow 1200mV 0C Model Recovery Summary
 24. Slow 1200mV 0C Model Removal Summary
 25. Slow 1200mV 0C Model Minimum Pulse Width Summary
 26. Slow 1200mV 0C Model Setup: 'clkin'
 27. Slow 1200mV 0C Model Hold: 'clkin'
 28. Slow 1200mV 0C Model Minimum Pulse Width: 'clkin'
 29. Setup Times
 30. Hold Times
 31. Clock to Output Times
 32. Minimum Clock to Output Times
 33. Slow 1200mV 0C Model Metastability Report
 34. Fast 1200mV 0C Model Setup Summary
 35. Fast 1200mV 0C Model Hold Summary
 36. Fast 1200mV 0C Model Recovery Summary
 37. Fast 1200mV 0C Model Removal Summary
 38. Fast 1200mV 0C Model Minimum Pulse Width Summary
 39. Fast 1200mV 0C Model Setup: 'clkin'
 40. Fast 1200mV 0C Model Hold: 'clkin'
 41. Fast 1200mV 0C Model Minimum Pulse Width: 'clkin'
 42. Setup Times
 43. Hold Times
 44. Clock to Output Times
 45. Minimum Clock to Output Times
 46. Fast 1200mV 0C Model Metastability Report
 47. Multicorner Timing Analysis Summary
 48. Setup Times
 49. Hold Times
 50. Clock to Output Times
 51. Minimum Clock to Output Times
 52. Board Trace Model Assignments
 53. Input Transition Times
 54. Slow Corner Signal Integrity Metrics
 55. Fast Corner Signal Integrity Metrics
 56. Setup Transfers
 57. Hold Transfers
 58. Report TCCS
 59. Report RSKM
 60. Unconstrained Paths
 61. TimeQuest Timing Analyzer Messages



----------------
; Legal Notice ;
----------------
Copyright (C) 1991-2013 Altera Corporation
Your use of Altera Corporation's design tools, logic functions 
and other software and tools, and its AMPP partner logic 
functions, and any output files from any of the foregoing 
(including device programming or simulation files), and any 
associated documentation or information are expressly subject 
to the terms and conditions of the Altera Program License 
Subscription Agreement, Altera MegaCore Function License 
Agreement, or other applicable license agreement, including, 
without limitation, that your use is for the sole purpose of 
programming logic devices manufactured by Altera and sold by 
Altera or its authorized distributors.  Please refer to the 
applicable agreement for further details.



+-------------------------------------------------------------------------+
; TimeQuest Timing Analyzer Summary                                       ;
+--------------------+----------------------------------------------------+
; Quartus II Version ; Version 13.1.0 Build 162 10/23/2013 SJ Web Edition ;
; Revision Name      ; DSS                                                ;
; Device Family      ; Cyclone III                                        ;
; Device Name        ; EP3C5F256C6                                        ;
; Timing Models      ; Final                                              ;
; Delay Model        ; Combined                                           ;
; Rise/Fall Delays   ; Enabled                                            ;
+--------------------+----------------------------------------------------+


+------------------------------------------+
; Parallel Compilation                     ;
+----------------------------+-------------+
; Processors                 ; Number      ;
+----------------------------+-------------+
; Number detected on machine ; 4           ;
; Maximum allowed            ; 2           ;
;                            ;             ;
; Average used               ; 1.00        ;
; Maximum used               ; 2           ;
;                            ;             ;
; Usage by Processor         ; % Time Used ;
;     Processor 1            ; 100.0%      ;
;     Processor 2            ; < 0.1%      ;
;     Processors 3-4         ;   0.0%      ;
+----------------------------+-------------+


+-----------------------------------------------------------------------------------------------------------------------------------------------------------------------------------+
; Clocks                                                                                                                                                                            ;
+------------+------+--------+------------+-------+-------+------------+-----------+-------------+-------+--------+-----------+------------+----------+--------+--------+-----------+
; Clock Name ; Type ; Period ; Frequency  ; Rise  ; Fall  ; Duty Cycle ; Divide by ; Multiply by ; Phase ; Offset ; Edge List ; Edge Shift ; Inverted ; Master ; Source ; Targets   ;
+------------+------+--------+------------+-------+-------+------------+-----------+-------------+-------+--------+-----------+------------+----------+--------+--------+-----------+
; clkin      ; Base ; 1.000  ; 1000.0 MHz ; 0.000 ; 0.500 ;            ;           ;             ;       ;        ;           ;            ;          ;        ;        ; { clkin } ;
+------------+------+--------+------------+-------+-------+------------+-----------+-------------+-------+--------+-----------+------------+----------+--------+--------+-----------+


+-----------------------------------------------------------------------------------------------------------+
; Slow 1200mV 85C Model Fmax Summary                                                                        ;
+------------+-----------------+------------+---------------------------------------------------------------+
; Fmax       ; Restricted Fmax ; Clock Name ; Note                                                          ;
+------------+-----------------+------------+---------------------------------------------------------------+
; 362.84 MHz ; 250.0 MHz       ; clkin      ; limit due to minimum period restriction (max I/O toggle rate) ;
+------------+-----------------+------------+---------------------------------------------------------------+
This panel reports FMAX for every clock in the design, regardless of the user-specified clock periods.  FMAX is only computed for paths where the source and destination registers or ports are driven by the same clock.  Paths of different clocks, including generated clocks, are ignored.  For paths between a clock and its inversion, FMAX is computed as if the rising and falling edges are scaled along with FMAX, such that the duty cycle (in terms of a percentage) is maintained. Altera recommends that you always use clock constraints and other slack reports for sign-off analysis.


----------------------------------
; Timing Closure Recommendations ;
----------------------------------
HTML report is unavailable in plain text report export.


+-------------------------------------+
; Slow 1200mV 85C Model Setup Summary ;
+-------+--------+--------------------+
; Clock ; Slack  ; End Point TNS      ;
+-------+--------+--------------------+
; clkin ; -1.756 ; -18.769            ;
+-------+--------+--------------------+


+------------------------------------+
; Slow 1200mV 85C Model Hold Summary ;
+-------+-------+--------------------+
; Clock ; Slack ; End Point TNS      ;
+-------+-------+--------------------+
; clkin ; 0.357 ; 0.000              ;
+-------+-------+--------------------+


------------------------------------------
; Slow 1200mV 85C Model Recovery Summary ;
------------------------------------------
No paths to report.


-----------------------------------------
; Slow 1200mV 85C Model Removal Summary ;
-----------------------------------------
No paths to report.


+---------------------------------------------------+
; Slow 1200mV 85C Model Minimum Pulse Width Summary ;
+-------+--------+----------------------------------+
; Clock ; Slack  ; End Point TNS                    ;
+-------+--------+----------------------------------+
; clkin ; -3.000 ; -36.566                          ;
+-------+--------+----------------------------------+


+----------------------------------------------------------------------------------------------------------------------------------------------------------------------------------------------------------------------------------------------------------------------------------------------------------+
; Slow 1200mV 85C Model Setup: 'clkin'                                                                                                                                                                                                                                                                     ;
+--------+-------------------------------------------------------------------------------------------------------------+-------------------------------------------------------------------------------------------------------------+--------------+-------------+--------------+------------+------------+
; Slack  ; From Node                                                                                                   ; To Node                                                                                                     ; Launch Clock ; Latch Clock ; Relationship ; Clock Skew ; Data Delay ;
+--------+-------------------------------------------------------------------------------------------------------------+-------------------------------------------------------------------------------------------------------------+--------------+-------------+--------------+------------+------------+
; -1.756 ; LPMROM:MyROM|altsyncram:altsyncram_component|altsyncram_6or3:auto_generated|ram_block1a0~porta_address_reg0 ; LPMROM:MyROM|altsyncram:altsyncram_component|altsyncram_6or3:auto_generated|q_a[7]                          ; clkin        ; clkin       ; 1.000        ; -0.069     ; 2.616      ;
; -1.756 ; LPMROM:MyROM|altsyncram:altsyncram_component|altsyncram_6or3:auto_generated|ram_block1a0~porta_address_reg0 ; LPMROM:MyROM|altsyncram:altsyncram_component|altsyncram_6or3:auto_generated|q_a[6]                          ; clkin        ; clkin       ; 1.000        ; -0.069     ; 2.616      ;
; -1.756 ; LPMROM:MyROM|altsyncram:altsyncram_component|altsyncram_6or3:auto_generated|ram_block1a0~porta_address_reg0 ; LPMROM:MyROM|altsyncram:altsyncram_component|altsyncram_6or3:auto_generated|q_a[5]                          ; clkin        ; clkin       ; 1.000        ; -0.069     ; 2.616      ;
; -1.756 ; LPMROM:MyROM|altsyncram:altsyncram_component|altsyncram_6or3:auto_generated|ram_block1a0~porta_address_reg0 ; LPMROM:MyROM|altsyncram:altsyncram_component|altsyncram_6or3:auto_generated|q_a[4]                          ; clkin        ; clkin       ; 1.000        ; -0.069     ; 2.616      ;
; -1.756 ; LPMROM:MyROM|altsyncram:altsyncram_component|altsyncram_6or3:auto_generated|ram_block1a0~porta_address_reg0 ; LPMROM:MyROM|altsyncram:altsyncram_component|altsyncram_6or3:auto_generated|q_a[3]                          ; clkin        ; clkin       ; 1.000        ; -0.069     ; 2.616      ;
; -1.756 ; LPMROM:MyROM|altsyncram:altsyncram_component|altsyncram_6or3:auto_generated|ram_block1a0~porta_address_reg0 ; LPMROM:MyROM|altsyncram:altsyncram_component|altsyncram_6or3:auto_generated|q_a[2]                          ; clkin        ; clkin       ; 1.000        ; -0.069     ; 2.616      ;
; -1.756 ; LPMROM:MyROM|altsyncram:altsyncram_component|altsyncram_6or3:auto_generated|ram_block1a0~porta_address_reg0 ; LPMROM:MyROM|altsyncram:altsyncram_component|altsyncram_6or3:auto_generated|q_a[1]                          ; clkin        ; clkin       ; 1.000        ; -0.069     ; 2.616      ;
; -1.756 ; LPMROM:MyROM|altsyncram:altsyncram_component|altsyncram_6or3:auto_generated|ram_block1a0~porta_address_reg0 ; LPMROM:MyROM|altsyncram:altsyncram_component|altsyncram_6or3:auto_generated|q_a[0]                          ; clkin        ; clkin       ; 1.000        ; -0.069     ; 2.616      ;
; -1.044 ; lpm_shiftreg:shift_FSK_reg|dffs[0]                                                                          ; lpm_ff:myFF|dffs[4]                                                                                         ; clkin        ; clkin       ; 1.000        ; -0.063     ; 1.976      ;
; -0.984 ; lpm_shiftreg:shift_FSK_reg|dffs[0]                                                                          ; lpm_ff:myFF|dffs[3]                                                                                         ; clkin        ; clkin       ; 1.000        ; -0.063     ; 1.916      ;
; -0.928 ; lpm_shiftreg:shift_FSK_reg|dffs[0]                                                                          ; lpm_ff:myFF|dffs[2]                                                                                         ; clkin        ; clkin       ; 1.000        ; -0.063     ; 1.860      ;
; -0.868 ; lpm_shiftreg:shift_FSK_reg|dffs[0]                                                                          ; lpm_ff:myFF|dffs[1]                                                                                         ; clkin        ; clkin       ; 1.000        ; -0.063     ; 1.800      ;
; -0.723 ; lpm_ff:myFF|dffs[1]                                                                                         ; lpm_ff:myFF|dffs[4]                                                                                         ; clkin        ; clkin       ; 1.000        ; -0.063     ; 1.655      ;
; -0.619 ; lpm_ff:myFF|dffs[0]                                                                                         ; lpm_ff:myFF|dffs[4]                                                                                         ; clkin        ; clkin       ; 1.000        ; -0.063     ; 1.551      ;
; -0.607 ; lpm_ff:myFF|dffs[1]                                                                                         ; lpm_ff:myFF|dffs[2]                                                                                         ; clkin        ; clkin       ; 1.000        ; -0.063     ; 1.539      ;
; -0.601 ; lpm_ff:myFF|dffs[1]                                                                                         ; lpm_ff:myFF|dffs[3]                                                                                         ; clkin        ; clkin       ; 1.000        ; -0.063     ; 1.533      ;
; -0.584 ; lpm_ff:myFF|dffs[3]                                                                                         ; lpm_ff:myFF|dffs[4]                                                                                         ; clkin        ; clkin       ; 1.000        ; -0.063     ; 1.516      ;
; -0.583 ; lpm_ff:myFF|dffs[0]                                                                                         ; lpm_ff:myFF|dffs[3]                                                                                         ; clkin        ; clkin       ; 1.000        ; -0.063     ; 1.515      ;
; -0.504 ; lpm_ff:myFF|dffs[2]                                                                                         ; lpm_ff:myFF|dffs[4]                                                                                         ; clkin        ; clkin       ; 1.000        ; -0.063     ; 1.436      ;
; -0.503 ; lpm_ff:myFF|dffs[0]                                                                                         ; lpm_ff:myFF|dffs[2]                                                                                         ; clkin        ; clkin       ; 1.000        ; -0.063     ; 1.435      ;
; -0.469 ; lpm_ff:myFF|dffs[2]                                                                                         ; lpm_ff:myFF|dffs[3]                                                                                         ; clkin        ; clkin       ; 1.000        ; -0.063     ; 1.401      ;
; -0.467 ; lpm_ff:myFF|dffs[0]                                                                                         ; lpm_ff:myFF|dffs[1]                                                                                         ; clkin        ; clkin       ; 1.000        ; -0.063     ; 1.399      ;
; -0.417 ; lpm_shiftreg:shift_FSK_reg|dffs[0]                                                                          ; lpm_ff:myFF|dffs[0]                                                                                         ; clkin        ; clkin       ; 1.000        ; -0.063     ; 1.349      ;
; -0.355 ; lpm_ff:myFF|dffs[4]                                                                                         ; lpm_ff:myFF|dffs[4]                                                                                         ; clkin        ; clkin       ; 1.000        ; -0.063     ; 1.287      ;
; -0.165 ; lpm_shiftreg:shift_FSK_reg|dffs[2]                                                                          ; lpm_shiftreg:shift_FSK_reg|dffs[1]                                                                          ; clkin        ; clkin       ; 1.000        ; -0.063     ; 1.097      ;
; -0.157 ; lpm_shiftreg:shift_FSK_reg|dffs[6]                                                                          ; lpm_shiftreg:shift_FSK_reg|dffs[5]                                                                          ; clkin        ; clkin       ; 1.000        ; -0.063     ; 1.089      ;
; -0.099 ; lpm_shiftreg:shift_FSK_reg|dffs[0]                                                                          ; lpm_shiftreg:shift_FSK_reg|dffs[8]                                                                          ; clkin        ; clkin       ; 1.000        ; -0.063     ; 1.031      ;
; -0.087 ; lpm_ff:myFF|dffs[1]                                                                                         ; lpm_ff:myFF|dffs[1]                                                                                         ; clkin        ; clkin       ; 1.000        ; -0.063     ; 1.019      ;
; -0.071 ; lpm_ff:myFF|dffs[0]                                                                                         ; lpm_ff:myFF|dffs[0]                                                                                         ; clkin        ; clkin       ; 1.000        ; -0.063     ; 1.003      ;
; -0.064 ; lpm_ff:myFF|dffs[3]                                                                                         ; lpm_ff:myFF|dffs[3]                                                                                         ; clkin        ; clkin       ; 1.000        ; -0.063     ; 0.996      ;
; -0.052 ; lpm_ff:myFF|dffs[2]                                                                                         ; lpm_ff:myFF|dffs[2]                                                                                         ; clkin        ; clkin       ; 1.000        ; -0.063     ; 0.984      ;
; -0.030 ; lpm_shiftreg:shift_FSK_reg|dffs[1]                                                                          ; lpm_shiftreg:shift_FSK_reg|dffs[0]                                                                          ; clkin        ; clkin       ; 1.000        ; -0.063     ; 0.962      ;
; -0.029 ; lpm_shiftreg:shift_FSK_reg|dffs[5]                                                                          ; lpm_shiftreg:shift_FSK_reg|dffs[4]                                                                          ; clkin        ; clkin       ; 1.000        ; -0.063     ; 0.961      ;
; 0.051  ; lpm_ff:myFF|dffs[3]                                                                                         ; LPMROM:MyROM|altsyncram:altsyncram_component|altsyncram_6or3:auto_generated|ram_block1a0~porta_address_reg0 ; clkin        ; clkin       ; 1.000        ; 0.251      ; 1.228      ;
; 0.065  ; lpm_ff:myFF|dffs[1]                                                                                         ; LPMROM:MyROM|altsyncram:altsyncram_component|altsyncram_6or3:auto_generated|ram_block1a0~porta_address_reg0 ; clkin        ; clkin       ; 1.000        ; 0.251      ; 1.214      ;
; 0.094  ; lpm_ff:myFF|dffs[2]                                                                                         ; LPMROM:MyROM|altsyncram:altsyncram_component|altsyncram_6or3:auto_generated|ram_block1a0~porta_address_reg0 ; clkin        ; clkin       ; 1.000        ; 0.251      ; 1.185      ;
; 0.099  ; lpm_shiftreg:shift_FSK_reg|dffs[7]                                                                          ; lpm_shiftreg:shift_FSK_reg|dffs[6]                                                                          ; clkin        ; clkin       ; 1.000        ; -0.063     ; 0.833      ;
; 0.119  ; lpm_ff:myFF|dffs[0]                                                                                         ; LPMROM:MyROM|altsyncram:altsyncram_component|altsyncram_6or3:auto_generated|ram_block1a0~porta_address_reg0 ; clkin        ; clkin       ; 1.000        ; 0.251      ; 1.160      ;
; 0.132  ; lpm_ff:myFF|dffs[4]                                                                                         ; LPMROM:MyROM|altsyncram:altsyncram_component|altsyncram_6or3:auto_generated|ram_block1a0~porta_address_reg0 ; clkin        ; clkin       ; 1.000        ; 0.251      ; 1.147      ;
; 0.232  ; lpm_shiftreg:shift_FSK_reg|dffs[4]                                                                          ; lpm_shiftreg:shift_FSK_reg|dffs[8]                                                                          ; clkin        ; clkin       ; 1.000        ; -0.063     ; 0.700      ;
; 0.234  ; lpm_shiftreg:shift_FSK_reg|dffs[4]                                                                          ; lpm_shiftreg:shift_FSK_reg|dffs[3]                                                                          ; clkin        ; clkin       ; 1.000        ; -0.063     ; 0.698      ;
; 0.244  ; lpm_shiftreg:shift_FSK_reg|dffs[8]                                                                          ; lpm_shiftreg:shift_FSK_reg|dffs[7]                                                                          ; clkin        ; clkin       ; 1.000        ; -0.063     ; 0.688      ;
; 0.245  ; lpm_shiftreg:shift_FSK_reg|dffs[3]                                                                          ; lpm_shiftreg:shift_FSK_reg|dffs[2]                                                                          ; clkin        ; clkin       ; 1.000        ; -0.063     ; 0.687      ;
; 0.273  ; lpm_shiftreg:shift_FSK_reg|dffs[8]                                                                          ; lpm_shiftreg:shift_FSK_reg|dffs[8]                                                                          ; clkin        ; clkin       ; 1.000        ; -0.063     ; 0.659      ;
+--------+-------------------------------------------------------------------------------------------------------------+-------------------------------------------------------------------------------------------------------------+--------------+-------------+--------------+------------+------------+


+---------------------------------------------------------------------------------------------------------------------------------------------------------------------------------------------------------------------------------------------------------------------------------------------------------+
; Slow 1200mV 85C Model Hold: 'clkin'                                                                                                                                                                                                                                                                     ;
+-------+-------------------------------------------------------------------------------------------------------------+-------------------------------------------------------------------------------------------------------------+--------------+-------------+--------------+------------+------------+
; Slack ; From Node                                                                                                   ; To Node                                                                                                     ; Launch Clock ; Latch Clock ; Relationship ; Clock Skew ; Data Delay ;
+-------+-------------------------------------------------------------------------------------------------------------+-------------------------------------------------------------------------------------------------------------+--------------+-------------+--------------+------------+------------+
; 0.357 ; lpm_shiftreg:shift_FSK_reg|dffs[8]                                                                          ; lpm_shiftreg:shift_FSK_reg|dffs[8]                                                                          ; clkin        ; clkin       ; 0.000        ; 0.063      ; 0.577      ;
; 0.373 ; lpm_shiftreg:shift_FSK_reg|dffs[3]                                                                          ; lpm_shiftreg:shift_FSK_reg|dffs[2]                                                                          ; clkin        ; clkin       ; 0.000        ; 0.063      ; 0.593      ;
; 0.373 ; lpm_shiftreg:shift_FSK_reg|dffs[8]                                                                          ; lpm_shiftreg:shift_FSK_reg|dffs[7]                                                                          ; clkin        ; clkin       ; 0.000        ; 0.063      ; 0.593      ;
; 0.376 ; lpm_shiftreg:shift_FSK_reg|dffs[4]                                                                          ; lpm_shiftreg:shift_FSK_reg|dffs[8]                                                                          ; clkin        ; clkin       ; 0.000        ; 0.063      ; 0.596      ;
; 0.380 ; lpm_shiftreg:shift_FSK_reg|dffs[4]                                                                          ; lpm_shiftreg:shift_FSK_reg|dffs[3]                                                                          ; clkin        ; clkin       ; 0.000        ; 0.063      ; 0.600      ;
; 0.494 ; lpm_ff:myFF|dffs[4]                                                                                         ; LPMROM:MyROM|altsyncram:altsyncram_component|altsyncram_6or3:auto_generated|ram_block1a0~porta_address_reg0 ; clkin        ; clkin       ; 0.000        ; 0.377      ; 1.058      ;
; 0.516 ; lpm_shiftreg:shift_FSK_reg|dffs[7]                                                                          ; lpm_shiftreg:shift_FSK_reg|dffs[6]                                                                          ; clkin        ; clkin       ; 0.000        ; 0.063      ; 0.736      ;
; 0.517 ; lpm_ff:myFF|dffs[0]                                                                                         ; LPMROM:MyROM|altsyncram:altsyncram_component|altsyncram_6or3:auto_generated|ram_block1a0~porta_address_reg0 ; clkin        ; clkin       ; 0.000        ; 0.377      ; 1.081      ;
; 0.523 ; lpm_ff:myFF|dffs[2]                                                                                         ; LPMROM:MyROM|altsyncram:altsyncram_component|altsyncram_6or3:auto_generated|ram_block1a0~porta_address_reg0 ; clkin        ; clkin       ; 0.000        ; 0.377      ; 1.087      ;
; 0.569 ; lpm_ff:myFF|dffs[1]                                                                                         ; LPMROM:MyROM|altsyncram:altsyncram_component|altsyncram_6or3:auto_generated|ram_block1a0~porta_address_reg0 ; clkin        ; clkin       ; 0.000        ; 0.377      ; 1.133      ;
; 0.569 ; lpm_ff:myFF|dffs[3]                                                                                         ; LPMROM:MyROM|altsyncram:altsyncram_component|altsyncram_6or3:auto_generated|ram_block1a0~porta_address_reg0 ; clkin        ; clkin       ; 0.000        ; 0.377      ; 1.133      ;
; 0.570 ; lpm_ff:myFF|dffs[3]                                                                                         ; lpm_ff:myFF|dffs[3]                                                                                         ; clkin        ; clkin       ; 0.000        ; 0.063      ; 0.790      ;
; 0.570 ; lpm_ff:myFF|dffs[2]                                                                                         ; lpm_ff:myFF|dffs[2]                                                                                         ; clkin        ; clkin       ; 0.000        ; 0.063      ; 0.790      ;
; 0.580 ; lpm_ff:myFF|dffs[0]                                                                                         ; lpm_ff:myFF|dffs[0]                                                                                         ; clkin        ; clkin       ; 0.000        ; 0.063      ; 0.800      ;
; 0.588 ; lpm_shiftreg:shift_FSK_reg|dffs[0]                                                                          ; lpm_shiftreg:shift_FSK_reg|dffs[8]                                                                          ; clkin        ; clkin       ; 0.000        ; 0.063      ; 0.808      ;
; 0.591 ; lpm_ff:myFF|dffs[1]                                                                                         ; lpm_ff:myFF|dffs[1]                                                                                         ; clkin        ; clkin       ; 0.000        ; 0.063      ; 0.811      ;
; 0.654 ; lpm_shiftreg:shift_FSK_reg|dffs[1]                                                                          ; lpm_shiftreg:shift_FSK_reg|dffs[0]                                                                          ; clkin        ; clkin       ; 0.000        ; 0.063      ; 0.874      ;
; 0.657 ; lpm_shiftreg:shift_FSK_reg|dffs[5]                                                                          ; lpm_shiftreg:shift_FSK_reg|dffs[4]                                                                          ; clkin        ; clkin       ; 0.000        ; 0.063      ; 0.877      ;
; 0.787 ; lpm_shiftreg:shift_FSK_reg|dffs[6]                                                                          ; lpm_shiftreg:shift_FSK_reg|dffs[5]                                                                          ; clkin        ; clkin       ; 0.000        ; 0.063      ; 1.007      ;
; 0.795 ; lpm_shiftreg:shift_FSK_reg|dffs[2]                                                                          ; lpm_shiftreg:shift_FSK_reg|dffs[1]                                                                          ; clkin        ; clkin       ; 0.000        ; 0.063      ; 1.015      ;
; 0.844 ; lpm_ff:myFF|dffs[3]                                                                                         ; lpm_ff:myFF|dffs[4]                                                                                         ; clkin        ; clkin       ; 0.000        ; 0.063      ; 1.064      ;
; 0.858 ; lpm_ff:myFF|dffs[0]                                                                                         ; lpm_ff:myFF|dffs[1]                                                                                         ; clkin        ; clkin       ; 0.000        ; 0.063      ; 1.078      ;
; 0.859 ; lpm_ff:myFF|dffs[2]                                                                                         ; lpm_ff:myFF|dffs[3]                                                                                         ; clkin        ; clkin       ; 0.000        ; 0.063      ; 1.079      ;
; 0.860 ; lpm_ff:myFF|dffs[0]                                                                                         ; lpm_ff:myFF|dffs[2]                                                                                         ; clkin        ; clkin       ; 0.000        ; 0.063      ; 1.080      ;
; 0.861 ; lpm_ff:myFF|dffs[2]                                                                                         ; lpm_ff:myFF|dffs[4]                                                                                         ; clkin        ; clkin       ; 0.000        ; 0.063      ; 1.081      ;
; 0.863 ; lpm_ff:myFF|dffs[1]                                                                                         ; lpm_ff:myFF|dffs[2]                                                                                         ; clkin        ; clkin       ; 0.000        ; 0.063      ; 1.083      ;
; 0.867 ; lpm_ff:myFF|dffs[4]                                                                                         ; lpm_ff:myFF|dffs[4]                                                                                         ; clkin        ; clkin       ; 0.000        ; 0.063      ; 1.087      ;
; 0.878 ; lpm_shiftreg:shift_FSK_reg|dffs[0]                                                                          ; lpm_ff:myFF|dffs[2]                                                                                         ; clkin        ; clkin       ; 0.000        ; 0.063      ; 1.098      ;
; 0.879 ; lpm_shiftreg:shift_FSK_reg|dffs[0]                                                                          ; lpm_ff:myFF|dffs[1]                                                                                         ; clkin        ; clkin       ; 0.000        ; 0.063      ; 1.099      ;
; 0.883 ; lpm_shiftreg:shift_FSK_reg|dffs[0]                                                                          ; lpm_ff:myFF|dffs[3]                                                                                         ; clkin        ; clkin       ; 0.000        ; 0.063      ; 1.103      ;
; 0.889 ; lpm_shiftreg:shift_FSK_reg|dffs[0]                                                                          ; lpm_ff:myFF|dffs[0]                                                                                         ; clkin        ; clkin       ; 0.000        ; 0.063      ; 1.109      ;
; 0.893 ; lpm_shiftreg:shift_FSK_reg|dffs[0]                                                                          ; lpm_ff:myFF|dffs[4]                                                                                         ; clkin        ; clkin       ; 0.000        ; 0.063      ; 1.113      ;
; 0.970 ; lpm_ff:myFF|dffs[0]                                                                                         ; lpm_ff:myFF|dffs[3]                                                                                         ; clkin        ; clkin       ; 0.000        ; 0.063      ; 1.190      ;
; 0.972 ; lpm_ff:myFF|dffs[0]                                                                                         ; lpm_ff:myFF|dffs[4]                                                                                         ; clkin        ; clkin       ; 0.000        ; 0.063      ; 1.192      ;
; 0.973 ; lpm_ff:myFF|dffs[1]                                                                                         ; lpm_ff:myFF|dffs[3]                                                                                         ; clkin        ; clkin       ; 0.000        ; 0.063      ; 1.193      ;
; 0.975 ; lpm_ff:myFF|dffs[1]                                                                                         ; lpm_ff:myFF|dffs[4]                                                                                         ; clkin        ; clkin       ; 0.000        ; 0.063      ; 1.195      ;
; 2.351 ; LPMROM:MyROM|altsyncram:altsyncram_component|altsyncram_6or3:auto_generated|ram_block1a0~porta_address_reg0 ; LPMROM:MyROM|altsyncram:altsyncram_component|altsyncram_6or3:auto_generated|q_a[7]                          ; clkin        ; clkin       ; 0.000        ; 0.004      ; 2.514      ;
; 2.351 ; LPMROM:MyROM|altsyncram:altsyncram_component|altsyncram_6or3:auto_generated|ram_block1a0~porta_address_reg0 ; LPMROM:MyROM|altsyncram:altsyncram_component|altsyncram_6or3:auto_generated|q_a[6]                          ; clkin        ; clkin       ; 0.000        ; 0.004      ; 2.514      ;
; 2.351 ; LPMROM:MyROM|altsyncram:altsyncram_component|altsyncram_6or3:auto_generated|ram_block1a0~porta_address_reg0 ; LPMROM:MyROM|altsyncram:altsyncram_component|altsyncram_6or3:auto_generated|q_a[5]                          ; clkin        ; clkin       ; 0.000        ; 0.004      ; 2.514      ;
; 2.351 ; LPMROM:MyROM|altsyncram:altsyncram_component|altsyncram_6or3:auto_generated|ram_block1a0~porta_address_reg0 ; LPMROM:MyROM|altsyncram:altsyncram_component|altsyncram_6or3:auto_generated|q_a[4]                          ; clkin        ; clkin       ; 0.000        ; 0.004      ; 2.514      ;
; 2.351 ; LPMROM:MyROM|altsyncram:altsyncram_component|altsyncram_6or3:auto_generated|ram_block1a0~porta_address_reg0 ; LPMROM:MyROM|altsyncram:altsyncram_component|altsyncram_6or3:auto_generated|q_a[3]                          ; clkin        ; clkin       ; 0.000        ; 0.004      ; 2.514      ;
; 2.351 ; LPMROM:MyROM|altsyncram:altsyncram_component|altsyncram_6or3:auto_generated|ram_block1a0~porta_address_reg0 ; LPMROM:MyROM|altsyncram:altsyncram_component|altsyncram_6or3:auto_generated|q_a[2]                          ; clkin        ; clkin       ; 0.000        ; 0.004      ; 2.514      ;
; 2.351 ; LPMROM:MyROM|altsyncram:altsyncram_component|altsyncram_6or3:auto_generated|ram_block1a0~porta_address_reg0 ; LPMROM:MyROM|altsyncram:altsyncram_component|altsyncram_6or3:auto_generated|q_a[1]                          ; clkin        ; clkin       ; 0.000        ; 0.004      ; 2.514      ;
; 2.351 ; LPMROM:MyROM|altsyncram:altsyncram_component|altsyncram_6or3:auto_generated|ram_block1a0~porta_address_reg0 ; LPMROM:MyROM|altsyncram:altsyncram_component|altsyncram_6or3:auto_generated|q_a[0]                          ; clkin        ; clkin       ; 0.000        ; 0.004      ; 2.514      ;
+-------+-------------------------------------------------------------------------------------------------------------+-------------------------------------------------------------------------------------------------------------+--------------+-------------+--------------+------------+------------+


+----------------------------------------------------------------------------------------------------------------------------------------------------------------------------------------------+
; Slow 1200mV 85C Model Minimum Pulse Width: 'clkin'                                                                                                                                           ;
+--------+--------------+----------------+------------------+-------+------------+-------------------------------------------------------------------------------------------------------------+
; Slack  ; Actual Width ; Required Width ; Type             ; Clock ; Clock Edge ; Target                                                                                                      ;
+--------+--------------+----------------+------------------+-------+------------+-------------------------------------------------------------------------------------------------------------+
; -3.000 ; 1.000        ; 4.000          ; Port Rate        ; clkin ; Rise       ; clkin                                                                                                       ;
; -2.174 ; 1.000        ; 3.174          ; Min Period       ; clkin ; Rise       ; LPMROM:MyROM|altsyncram:altsyncram_component|altsyncram_6or3:auto_generated|q_a[0]                          ;
; -2.174 ; 1.000        ; 3.174          ; Min Period       ; clkin ; Rise       ; LPMROM:MyROM|altsyncram:altsyncram_component|altsyncram_6or3:auto_generated|q_a[1]                          ;
; -2.174 ; 1.000        ; 3.174          ; Min Period       ; clkin ; Rise       ; LPMROM:MyROM|altsyncram:altsyncram_component|altsyncram_6or3:auto_generated|q_a[2]                          ;
; -2.174 ; 1.000        ; 3.174          ; Min Period       ; clkin ; Rise       ; LPMROM:MyROM|altsyncram:altsyncram_component|altsyncram_6or3:auto_generated|q_a[3]                          ;
; -2.174 ; 1.000        ; 3.174          ; Min Period       ; clkin ; Rise       ; LPMROM:MyROM|altsyncram:altsyncram_component|altsyncram_6or3:auto_generated|q_a[4]                          ;
; -2.174 ; 1.000        ; 3.174          ; Min Period       ; clkin ; Rise       ; LPMROM:MyROM|altsyncram:altsyncram_component|altsyncram_6or3:auto_generated|q_a[5]                          ;
; -2.174 ; 1.000        ; 3.174          ; Min Period       ; clkin ; Rise       ; LPMROM:MyROM|altsyncram:altsyncram_component|altsyncram_6or3:auto_generated|q_a[6]                          ;
; -2.174 ; 1.000        ; 3.174          ; Min Period       ; clkin ; Rise       ; LPMROM:MyROM|altsyncram:altsyncram_component|altsyncram_6or3:auto_generated|q_a[7]                          ;
; -2.174 ; 1.000        ; 3.174          ; Min Period       ; clkin ; Rise       ; LPMROM:MyROM|altsyncram:altsyncram_component|altsyncram_6or3:auto_generated|ram_block1a0~porta_address_reg0 ;
; -1.000 ; 1.000        ; 2.000          ; Min Period       ; clkin ; Rise       ; lpm_ff:myFF|dffs[0]                                                                                         ;
; -1.000 ; 1.000        ; 2.000          ; Min Period       ; clkin ; Rise       ; lpm_ff:myFF|dffs[1]                                                                                         ;
; -1.000 ; 1.000        ; 2.000          ; Min Period       ; clkin ; Rise       ; lpm_ff:myFF|dffs[2]                                                                                         ;
; -1.000 ; 1.000        ; 2.000          ; Min Period       ; clkin ; Rise       ; lpm_ff:myFF|dffs[3]                                                                                         ;
; -1.000 ; 1.000        ; 2.000          ; Min Period       ; clkin ; Rise       ; lpm_ff:myFF|dffs[4]                                                                                         ;
; -1.000 ; 1.000        ; 2.000          ; Min Period       ; clkin ; Rise       ; lpm_shiftreg:shift_FSK_reg|dffs[0]                                                                          ;
; -1.000 ; 1.000        ; 2.000          ; Min Period       ; clkin ; Rise       ; lpm_shiftreg:shift_FSK_reg|dffs[1]                                                                          ;
; -1.000 ; 1.000        ; 2.000          ; Min Period       ; clkin ; Rise       ; lpm_shiftreg:shift_FSK_reg|dffs[2]                                                                          ;
; -1.000 ; 1.000        ; 2.000          ; Min Period       ; clkin ; Rise       ; lpm_shiftreg:shift_FSK_reg|dffs[3]                                                                          ;
; -1.000 ; 1.000        ; 2.000          ; Min Period       ; clkin ; Rise       ; lpm_shiftreg:shift_FSK_reg|dffs[4]                                                                          ;
; -1.000 ; 1.000        ; 2.000          ; Min Period       ; clkin ; Rise       ; lpm_shiftreg:shift_FSK_reg|dffs[5]                                                                          ;
; -1.000 ; 1.000        ; 2.000          ; Min Period       ; clkin ; Rise       ; lpm_shiftreg:shift_FSK_reg|dffs[6]                                                                          ;
; -1.000 ; 1.000        ; 2.000          ; Min Period       ; clkin ; Rise       ; lpm_shiftreg:shift_FSK_reg|dffs[7]                                                                          ;
; -1.000 ; 1.000        ; 2.000          ; Min Period       ; clkin ; Rise       ; lpm_shiftreg:shift_FSK_reg|dffs[8]                                                                          ;
; 0.064  ; 0.294        ; 0.230          ; Low Pulse Width  ; clkin ; Rise       ; LPMROM:MyROM|altsyncram:altsyncram_component|altsyncram_6or3:auto_generated|ram_block1a0~porta_address_reg0 ;
; 0.068  ; 0.298        ; 0.230          ; Low Pulse Width  ; clkin ; Rise       ; LPMROM:MyROM|altsyncram:altsyncram_component|altsyncram_6or3:auto_generated|q_a[0]                          ;
; 0.068  ; 0.298        ; 0.230          ; Low Pulse Width  ; clkin ; Rise       ; LPMROM:MyROM|altsyncram:altsyncram_component|altsyncram_6or3:auto_generated|q_a[1]                          ;
; 0.068  ; 0.298        ; 0.230          ; Low Pulse Width  ; clkin ; Rise       ; LPMROM:MyROM|altsyncram:altsyncram_component|altsyncram_6or3:auto_generated|q_a[2]                          ;
; 0.068  ; 0.298        ; 0.230          ; Low Pulse Width  ; clkin ; Rise       ; LPMROM:MyROM|altsyncram:altsyncram_component|altsyncram_6or3:auto_generated|q_a[3]                          ;
; 0.068  ; 0.298        ; 0.230          ; Low Pulse Width  ; clkin ; Rise       ; LPMROM:MyROM|altsyncram:altsyncram_component|altsyncram_6or3:auto_generated|q_a[4]                          ;
; 0.068  ; 0.298        ; 0.230          ; Low Pulse Width  ; clkin ; Rise       ; LPMROM:MyROM|altsyncram:altsyncram_component|altsyncram_6or3:auto_generated|q_a[5]                          ;
; 0.068  ; 0.298        ; 0.230          ; Low Pulse Width  ; clkin ; Rise       ; LPMROM:MyROM|altsyncram:altsyncram_component|altsyncram_6or3:auto_generated|q_a[6]                          ;
; 0.068  ; 0.298        ; 0.230          ; Low Pulse Width  ; clkin ; Rise       ; LPMROM:MyROM|altsyncram:altsyncram_component|altsyncram_6or3:auto_generated|q_a[7]                          ;
; 0.170  ; 0.354        ; 0.184          ; Low Pulse Width  ; clkin ; Rise       ; lpm_ff:myFF|dffs[0]                                                                                         ;
; 0.170  ; 0.354        ; 0.184          ; Low Pulse Width  ; clkin ; Rise       ; lpm_ff:myFF|dffs[1]                                                                                         ;
; 0.170  ; 0.354        ; 0.184          ; Low Pulse Width  ; clkin ; Rise       ; lpm_ff:myFF|dffs[2]                                                                                         ;
; 0.170  ; 0.354        ; 0.184          ; Low Pulse Width  ; clkin ; Rise       ; lpm_ff:myFF|dffs[3]                                                                                         ;
; 0.170  ; 0.354        ; 0.184          ; Low Pulse Width  ; clkin ; Rise       ; lpm_ff:myFF|dffs[4]                                                                                         ;
; 0.170  ; 0.354        ; 0.184          ; Low Pulse Width  ; clkin ; Rise       ; lpm_shiftreg:shift_FSK_reg|dffs[0]                                                                          ;
; 0.170  ; 0.354        ; 0.184          ; Low Pulse Width  ; clkin ; Rise       ; lpm_shiftreg:shift_FSK_reg|dffs[1]                                                                          ;
; 0.170  ; 0.354        ; 0.184          ; Low Pulse Width  ; clkin ; Rise       ; lpm_shiftreg:shift_FSK_reg|dffs[2]                                                                          ;
; 0.170  ; 0.354        ; 0.184          ; Low Pulse Width  ; clkin ; Rise       ; lpm_shiftreg:shift_FSK_reg|dffs[3]                                                                          ;
; 0.170  ; 0.354        ; 0.184          ; Low Pulse Width  ; clkin ; Rise       ; lpm_shiftreg:shift_FSK_reg|dffs[4]                                                                          ;
; 0.170  ; 0.354        ; 0.184          ; Low Pulse Width  ; clkin ; Rise       ; lpm_shiftreg:shift_FSK_reg|dffs[5]                                                                          ;
; 0.170  ; 0.354        ; 0.184          ; Low Pulse Width  ; clkin ; Rise       ; lpm_shiftreg:shift_FSK_reg|dffs[6]                                                                          ;
; 0.170  ; 0.354        ; 0.184          ; Low Pulse Width  ; clkin ; Rise       ; lpm_shiftreg:shift_FSK_reg|dffs[7]                                                                          ;
; 0.170  ; 0.354        ; 0.184          ; Low Pulse Width  ; clkin ; Rise       ; lpm_shiftreg:shift_FSK_reg|dffs[8]                                                                          ;
; 0.332  ; 0.332        ; 0.000          ; Low Pulse Width  ; clkin ; Rise       ; MyROM|altsyncram_component|auto_generated|ram_block1a0|clk0                                                 ;
; 0.332  ; 0.332        ; 0.000          ; Low Pulse Width  ; clkin ; Rise       ; myFF|dffs[0]|clk                                                                                            ;
; 0.332  ; 0.332        ; 0.000          ; Low Pulse Width  ; clkin ; Rise       ; myFF|dffs[1]|clk                                                                                            ;
; 0.332  ; 0.332        ; 0.000          ; Low Pulse Width  ; clkin ; Rise       ; myFF|dffs[2]|clk                                                                                            ;
; 0.332  ; 0.332        ; 0.000          ; Low Pulse Width  ; clkin ; Rise       ; myFF|dffs[3]|clk                                                                                            ;
; 0.332  ; 0.332        ; 0.000          ; Low Pulse Width  ; clkin ; Rise       ; myFF|dffs[4]|clk                                                                                            ;
; 0.332  ; 0.332        ; 0.000          ; Low Pulse Width  ; clkin ; Rise       ; shift_FSK_reg|dffs[0]|clk                                                                                   ;
; 0.332  ; 0.332        ; 0.000          ; Low Pulse Width  ; clkin ; Rise       ; shift_FSK_reg|dffs[1]|clk                                                                                   ;
; 0.332  ; 0.332        ; 0.000          ; Low Pulse Width  ; clkin ; Rise       ; shift_FSK_reg|dffs[2]|clk                                                                                   ;
; 0.332  ; 0.332        ; 0.000          ; Low Pulse Width  ; clkin ; Rise       ; shift_FSK_reg|dffs[3]|clk                                                                                   ;
; 0.332  ; 0.332        ; 0.000          ; Low Pulse Width  ; clkin ; Rise       ; shift_FSK_reg|dffs[4]|clk                                                                                   ;
; 0.332  ; 0.332        ; 0.000          ; Low Pulse Width  ; clkin ; Rise       ; shift_FSK_reg|dffs[5]|clk                                                                                   ;
; 0.332  ; 0.332        ; 0.000          ; Low Pulse Width  ; clkin ; Rise       ; shift_FSK_reg|dffs[6]|clk                                                                                   ;
; 0.332  ; 0.332        ; 0.000          ; Low Pulse Width  ; clkin ; Rise       ; shift_FSK_reg|dffs[7]|clk                                                                                   ;
; 0.332  ; 0.332        ; 0.000          ; Low Pulse Width  ; clkin ; Rise       ; shift_FSK_reg|dffs[8]|clk                                                                                   ;
; 0.338  ; 0.338        ; 0.000          ; Low Pulse Width  ; clkin ; Rise       ; clkin~input|o                                                                                               ;
; 0.359  ; 0.359        ; 0.000          ; Low Pulse Width  ; clkin ; Rise       ; clkin~inputclkctrl|inclk[0]                                                                                 ;
; 0.359  ; 0.359        ; 0.000          ; Low Pulse Width  ; clkin ; Rise       ; clkin~inputclkctrl|outclk                                                                                   ;
; 0.427  ; 0.643        ; 0.216          ; High Pulse Width ; clkin ; Rise       ; lpm_ff:myFF|dffs[0]                                                                                         ;
; 0.427  ; 0.643        ; 0.216          ; High Pulse Width ; clkin ; Rise       ; lpm_ff:myFF|dffs[1]                                                                                         ;
; 0.427  ; 0.643        ; 0.216          ; High Pulse Width ; clkin ; Rise       ; lpm_ff:myFF|dffs[2]                                                                                         ;
; 0.427  ; 0.643        ; 0.216          ; High Pulse Width ; clkin ; Rise       ; lpm_ff:myFF|dffs[3]                                                                                         ;
; 0.427  ; 0.643        ; 0.216          ; High Pulse Width ; clkin ; Rise       ; lpm_ff:myFF|dffs[4]                                                                                         ;
; 0.427  ; 0.643        ; 0.216          ; High Pulse Width ; clkin ; Rise       ; lpm_shiftreg:shift_FSK_reg|dffs[0]                                                                          ;
; 0.427  ; 0.643        ; 0.216          ; High Pulse Width ; clkin ; Rise       ; lpm_shiftreg:shift_FSK_reg|dffs[1]                                                                          ;
; 0.427  ; 0.643        ; 0.216          ; High Pulse Width ; clkin ; Rise       ; lpm_shiftreg:shift_FSK_reg|dffs[2]                                                                          ;
; 0.427  ; 0.643        ; 0.216          ; High Pulse Width ; clkin ; Rise       ; lpm_shiftreg:shift_FSK_reg|dffs[3]                                                                          ;
; 0.427  ; 0.643        ; 0.216          ; High Pulse Width ; clkin ; Rise       ; lpm_shiftreg:shift_FSK_reg|dffs[4]                                                                          ;
; 0.427  ; 0.643        ; 0.216          ; High Pulse Width ; clkin ; Rise       ; lpm_shiftreg:shift_FSK_reg|dffs[5]                                                                          ;
; 0.427  ; 0.643        ; 0.216          ; High Pulse Width ; clkin ; Rise       ; lpm_shiftreg:shift_FSK_reg|dffs[6]                                                                          ;
; 0.427  ; 0.643        ; 0.216          ; High Pulse Width ; clkin ; Rise       ; lpm_shiftreg:shift_FSK_reg|dffs[7]                                                                          ;
; 0.427  ; 0.643        ; 0.216          ; High Pulse Width ; clkin ; Rise       ; lpm_shiftreg:shift_FSK_reg|dffs[8]                                                                          ;
; 0.458  ; 0.688        ; 0.230          ; High Pulse Width ; clkin ; Rise       ; LPMROM:MyROM|altsyncram:altsyncram_component|altsyncram_6or3:auto_generated|q_a[0]                          ;
; 0.458  ; 0.688        ; 0.230          ; High Pulse Width ; clkin ; Rise       ; LPMROM:MyROM|altsyncram:altsyncram_component|altsyncram_6or3:auto_generated|q_a[1]                          ;
; 0.458  ; 0.688        ; 0.230          ; High Pulse Width ; clkin ; Rise       ; LPMROM:MyROM|altsyncram:altsyncram_component|altsyncram_6or3:auto_generated|q_a[2]                          ;
; 0.458  ; 0.688        ; 0.230          ; High Pulse Width ; clkin ; Rise       ; LPMROM:MyROM|altsyncram:altsyncram_component|altsyncram_6or3:auto_generated|q_a[3]                          ;
; 0.458  ; 0.688        ; 0.230          ; High Pulse Width ; clkin ; Rise       ; LPMROM:MyROM|altsyncram:altsyncram_component|altsyncram_6or3:auto_generated|q_a[4]                          ;
; 0.458  ; 0.688        ; 0.230          ; High Pulse Width ; clkin ; Rise       ; LPMROM:MyROM|altsyncram:altsyncram_component|altsyncram_6or3:auto_generated|q_a[5]                          ;
; 0.458  ; 0.688        ; 0.230          ; High Pulse Width ; clkin ; Rise       ; LPMROM:MyROM|altsyncram:altsyncram_component|altsyncram_6or3:auto_generated|q_a[6]                          ;
; 0.458  ; 0.688        ; 0.230          ; High Pulse Width ; clkin ; Rise       ; LPMROM:MyROM|altsyncram:altsyncram_component|altsyncram_6or3:auto_generated|q_a[7]                          ;
; 0.462  ; 0.692        ; 0.230          ; High Pulse Width ; clkin ; Rise       ; LPMROM:MyROM|altsyncram:altsyncram_component|altsyncram_6or3:auto_generated|ram_block1a0~porta_address_reg0 ;
; 0.500  ; 0.500        ; 0.000          ; High Pulse Width ; clkin ; Rise       ; clkin~input|i                                                                                               ;
; 0.500  ; 0.500        ; 0.000          ; Low Pulse Width  ; clkin ; Rise       ; clkin~input|i                                                                                               ;
; 0.640  ; 0.640        ; 0.000          ; High Pulse Width ; clkin ; Rise       ; clkin~inputclkctrl|inclk[0]                                                                                 ;
; 0.640  ; 0.640        ; 0.000          ; High Pulse Width ; clkin ; Rise       ; clkin~inputclkctrl|outclk                                                                                   ;
; 0.662  ; 0.662        ; 0.000          ; High Pulse Width ; clkin ; Rise       ; clkin~input|o                                                                                               ;
; 0.667  ; 0.667        ; 0.000          ; High Pulse Width ; clkin ; Rise       ; MyROM|altsyncram_component|auto_generated|ram_block1a0|clk0                                                 ;
; 0.667  ; 0.667        ; 0.000          ; High Pulse Width ; clkin ; Rise       ; myFF|dffs[0]|clk                                                                                            ;
; 0.667  ; 0.667        ; 0.000          ; High Pulse Width ; clkin ; Rise       ; myFF|dffs[1]|clk                                                                                            ;
; 0.667  ; 0.667        ; 0.000          ; High Pulse Width ; clkin ; Rise       ; myFF|dffs[2]|clk                                                                                            ;
; 0.667  ; 0.667        ; 0.000          ; High Pulse Width ; clkin ; Rise       ; myFF|dffs[3]|clk                                                                                            ;
; 0.667  ; 0.667        ; 0.000          ; High Pulse Width ; clkin ; Rise       ; myFF|dffs[4]|clk                                                                                            ;
; 0.667  ; 0.667        ; 0.000          ; High Pulse Width ; clkin ; Rise       ; shift_FSK_reg|dffs[0]|clk                                                                                   ;
+--------+--------------+----------------+------------------+-------+------------+-------------------------------------------------------------------------------------------------------------+


+-----------------------------------------------------------------------------+
; Setup Times                                                                 ;
+-----------------+------------+-------+-------+------------+-----------------+
; Data Port       ; Clock Port ; Rise  ; Fall  ; Clock Edge ; Clock Reference ;
+-----------------+------------+-------+-------+------------+-----------------+
; data_port_A[*]  ; clkin      ; 2.934 ; 3.469 ; Rise       ; clkin           ;
;  data_port_A[0] ; clkin      ; 2.934 ; 3.358 ; Rise       ; clkin           ;
;  data_port_A[1] ; clkin      ; 2.794 ; 3.469 ; Rise       ; clkin           ;
;  data_port_A[2] ; clkin      ; 2.814 ; 3.238 ; Rise       ; clkin           ;
;  data_port_A[3] ; clkin      ; 2.638 ; 3.299 ; Rise       ; clkin           ;
;  data_port_A[4] ; clkin      ; 1.599 ; 2.010 ; Rise       ; clkin           ;
; data_port_B[*]  ; clkin      ; 2.981 ; 3.500 ; Rise       ; clkin           ;
;  data_port_B[0] ; clkin      ; 2.981 ; 3.414 ; Rise       ; clkin           ;
;  data_port_B[1] ; clkin      ; 2.841 ; 3.500 ; Rise       ; clkin           ;
;  data_port_B[2] ; clkin      ; 2.762 ; 3.188 ; Rise       ; clkin           ;
;  data_port_B[3] ; clkin      ; 2.544 ; 3.197 ; Rise       ; clkin           ;
;  data_port_B[4] ; clkin      ; 2.087 ; 2.518 ; Rise       ; clkin           ;
+-----------------+------------+-------+-------+------------+-----------------+


+-------------------------------------------------------------------------------+
; Hold Times                                                                    ;
+-----------------+------------+--------+--------+------------+-----------------+
; Data Port       ; Clock Port ; Rise   ; Fall   ; Clock Edge ; Clock Reference ;
+-----------------+------------+--------+--------+------------+-----------------+
; data_port_A[*]  ; clkin      ; -1.235 ; -1.631 ; Rise       ; clkin           ;
;  data_port_A[0] ; clkin      ; -1.866 ; -2.291 ; Rise       ; clkin           ;
;  data_port_A[1] ; clkin      ; -1.856 ; -2.332 ; Rise       ; clkin           ;
;  data_port_A[2] ; clkin      ; -1.848 ; -2.288 ; Rise       ; clkin           ;
;  data_port_A[3] ; clkin      ; -1.827 ; -2.270 ; Rise       ; clkin           ;
;  data_port_A[4] ; clkin      ; -1.235 ; -1.631 ; Rise       ; clkin           ;
; data_port_B[*]  ; clkin      ; -1.650 ; -2.052 ; Rise       ; clkin           ;
;  data_port_B[0] ; clkin      ; -1.899 ; -2.329 ; Rise       ; clkin           ;
;  data_port_B[1] ; clkin      ; -1.894 ; -2.340 ; Rise       ; clkin           ;
;  data_port_B[2] ; clkin      ; -1.811 ; -2.269 ; Rise       ; clkin           ;
;  data_port_B[3] ; clkin      ; -1.749 ; -2.197 ; Rise       ; clkin           ;
;  data_port_B[4] ; clkin      ; -1.650 ; -2.052 ; Rise       ; clkin           ;
+-----------------+------------+--------+--------+------------+-----------------+


+-------------------------------------------------------------------------+
; Clock to Output Times                                                   ;
+-------------+------------+-------+-------+------------+-----------------+
; Data Port   ; Clock Port ; Rise  ; Fall  ; Clock Edge ; Clock Reference ;
+-------------+------------+-------+-------+------------+-----------------+
; FSK_OUT[*]  ; clkin      ; 5.811 ; 5.803 ; Rise       ; clkin           ;
;  FSK_OUT[0] ; clkin      ; 5.811 ; 5.803 ; Rise       ; clkin           ;
;  FSK_OUT[1] ; clkin      ; 5.570 ; 5.588 ; Rise       ; clkin           ;
;  FSK_OUT[2] ; clkin      ; 5.517 ; 5.481 ; Rise       ; clkin           ;
;  FSK_OUT[3] ; clkin      ; 5.502 ; 5.495 ; Rise       ; clkin           ;
;  FSK_OUT[4] ; clkin      ; 5.305 ; 5.290 ; Rise       ; clkin           ;
;  FSK_OUT[5] ; clkin      ; 5.552 ; 5.548 ; Rise       ; clkin           ;
;  FSK_OUT[6] ; clkin      ; 5.576 ; 5.548 ; Rise       ; clkin           ;
;  FSK_OUT[7] ; clkin      ; 5.723 ; 5.700 ; Rise       ; clkin           ;
; LUT_OUT[*]  ; clkin      ; 6.794 ; 6.873 ; Rise       ; clkin           ;
;  LUT_OUT[0] ; clkin      ; 5.811 ; 5.803 ; Rise       ; clkin           ;
;  LUT_OUT[1] ; clkin      ; 6.794 ; 6.873 ; Rise       ; clkin           ;
;  LUT_OUT[2] ; clkin      ; 5.497 ; 5.461 ; Rise       ; clkin           ;
;  LUT_OUT[3] ; clkin      ; 5.502 ; 5.495 ; Rise       ; clkin           ;
;  LUT_OUT[4] ; clkin      ; 5.305 ; 5.290 ; Rise       ; clkin           ;
;  LUT_OUT[5] ; clkin      ; 5.552 ; 5.548 ; Rise       ; clkin           ;
;  LUT_OUT[6] ; clkin      ; 5.586 ; 5.558 ; Rise       ; clkin           ;
;  LUT_OUT[7] ; clkin      ; 5.693 ; 5.670 ; Rise       ; clkin           ;
; PA_out[*]   ; clkin      ; 5.186 ; 5.199 ; Rise       ; clkin           ;
;  PA_out[0]  ; clkin      ; 5.148 ; 5.147 ; Rise       ; clkin           ;
;  PA_out[1]  ; clkin      ; 4.678 ; 4.715 ; Rise       ; clkin           ;
;  PA_out[2]  ; clkin      ; 4.954 ; 5.002 ; Rise       ; clkin           ;
;  PA_out[3]  ; clkin      ; 5.186 ; 5.199 ; Rise       ; clkin           ;
;  PA_out[4]  ; clkin      ; 4.753 ; 4.789 ; Rise       ; clkin           ;
+-------------+------------+-------+-------+------------+-----------------+


+-------------------------------------------------------------------------+
; Minimum Clock to Output Times                                           ;
+-------------+------------+-------+-------+------------+-----------------+
; Data Port   ; Clock Port ; Rise  ; Fall  ; Clock Edge ; Clock Reference ;
+-------------+------------+-------+-------+------------+-----------------+
; FSK_OUT[*]  ; clkin      ; 5.206 ; 5.190 ; Rise       ; clkin           ;
;  FSK_OUT[0] ; clkin      ; 5.694 ; 5.685 ; Rise       ; clkin           ;
;  FSK_OUT[1] ; clkin      ; 5.461 ; 5.476 ; Rise       ; clkin           ;
;  FSK_OUT[2] ; clkin      ; 5.410 ; 5.375 ; Rise       ; clkin           ;
;  FSK_OUT[3] ; clkin      ; 5.395 ; 5.387 ; Rise       ; clkin           ;
;  FSK_OUT[4] ; clkin      ; 5.206 ; 5.190 ; Rise       ; clkin           ;
;  FSK_OUT[5] ; clkin      ; 5.442 ; 5.438 ; Rise       ; clkin           ;
;  FSK_OUT[6] ; clkin      ; 5.466 ; 5.438 ; Rise       ; clkin           ;
;  FSK_OUT[7] ; clkin      ; 5.608 ; 5.585 ; Rise       ; clkin           ;
; LUT_OUT[*]  ; clkin      ; 5.206 ; 5.190 ; Rise       ; clkin           ;
;  LUT_OUT[0] ; clkin      ; 5.694 ; 5.685 ; Rise       ; clkin           ;
;  LUT_OUT[1] ; clkin      ; 6.686 ; 6.764 ; Rise       ; clkin           ;
;  LUT_OUT[2] ; clkin      ; 5.390 ; 5.355 ; Rise       ; clkin           ;
;  LUT_OUT[3] ; clkin      ; 5.395 ; 5.387 ; Rise       ; clkin           ;
;  LUT_OUT[4] ; clkin      ; 5.206 ; 5.190 ; Rise       ; clkin           ;
;  LUT_OUT[5] ; clkin      ; 5.442 ; 5.438 ; Rise       ; clkin           ;
;  LUT_OUT[6] ; clkin      ; 5.476 ; 5.448 ; Rise       ; clkin           ;
;  LUT_OUT[7] ; clkin      ; 5.579 ; 5.555 ; Rise       ; clkin           ;
; PA_out[*]   ; clkin      ; 4.587 ; 4.623 ; Rise       ; clkin           ;
;  PA_out[0]  ; clkin      ; 5.040 ; 5.039 ; Rise       ; clkin           ;
;  PA_out[1]  ; clkin      ; 4.587 ; 4.623 ; Rise       ; clkin           ;
;  PA_out[2]  ; clkin      ; 4.854 ; 4.900 ; Rise       ; clkin           ;
;  PA_out[3]  ; clkin      ; 5.076 ; 5.088 ; Rise       ; clkin           ;
;  PA_out[4]  ; clkin      ; 4.663 ; 4.698 ; Rise       ; clkin           ;
+-------------+------------+-------+-------+------------+-----------------+


----------------------------------------------
; Slow 1200mV 85C Model Metastability Report ;
----------------------------------------------
No synchronizer chains to report.


+-----------------------------------------------------------------------------------------------------------+
; Slow 1200mV 0C Model Fmax Summary                                                                         ;
+------------+-----------------+------------+---------------------------------------------------------------+
; Fmax       ; Restricted Fmax ; Clock Name ; Note                                                          ;
+------------+-----------------+------------+---------------------------------------------------------------+
; 402.58 MHz ; 250.0 MHz       ; clkin      ; limit due to minimum period restriction (max I/O toggle rate) ;
+------------+-----------------+------------+---------------------------------------------------------------+
This panel reports FMAX for every clock in the design, regardless of the user-specified clock periods.  FMAX is only computed for paths where the source and destination registers or ports are driven by the same clock.  Paths of different clocks, including generated clocks, are ignored.  For paths between a clock and its inversion, FMAX is computed as if the rising and falling edges are scaled along with FMAX, such that the duty cycle (in terms of a percentage) is maintained. Altera recommends that you always use clock constraints and other slack reports for sign-off analysis.


+------------------------------------+
; Slow 1200mV 0C Model Setup Summary ;
+-------+--------+-------------------+
; Clock ; Slack  ; End Point TNS     ;
+-------+--------+-------------------+
; clkin ; -1.484 ; -15.170           ;
+-------+--------+-------------------+


+-----------------------------------+
; Slow 1200mV 0C Model Hold Summary ;
+-------+-------+-------------------+
; Clock ; Slack ; End Point TNS     ;
+-------+-------+-------------------+
; clkin ; 0.311 ; 0.000             ;
+-------+-------+-------------------+


-----------------------------------------
; Slow 1200mV 0C Model Recovery Summary ;
-----------------------------------------
No paths to report.


----------------------------------------
; Slow 1200mV 0C Model Removal Summary ;
----------------------------------------
No paths to report.


+--------------------------------------------------+
; Slow 1200mV 0C Model Minimum Pulse Width Summary ;
+-------+--------+---------------------------------+
; Clock ; Slack  ; End Point TNS                   ;
+-------+--------+---------------------------------+
; clkin ; -3.000 ; -36.566                         ;
+-------+--------+---------------------------------+


+----------------------------------------------------------------------------------------------------------------------------------------------------------------------------------------------------------------------------------------------------------------------------------------------------------+
; Slow 1200mV 0C Model Setup: 'clkin'                                                                                                                                                                                                                                                                      ;
+--------+-------------------------------------------------------------------------------------------------------------+-------------------------------------------------------------------------------------------------------------+--------------+-------------+--------------+------------+------------+
; Slack  ; From Node                                                                                                   ; To Node                                                                                                     ; Launch Clock ; Latch Clock ; Relationship ; Clock Skew ; Data Delay ;
+--------+-------------------------------------------------------------------------------------------------------------+-------------------------------------------------------------------------------------------------------------+--------------+-------------+--------------+------------+------------+
; -1.484 ; LPMROM:MyROM|altsyncram:altsyncram_component|altsyncram_6or3:auto_generated|ram_block1a0~porta_address_reg0 ; LPMROM:MyROM|altsyncram:altsyncram_component|altsyncram_6or3:auto_generated|q_a[7]                          ; clkin        ; clkin       ; 1.000        ; -0.069     ; 2.353      ;
; -1.484 ; LPMROM:MyROM|altsyncram:altsyncram_component|altsyncram_6or3:auto_generated|ram_block1a0~porta_address_reg0 ; LPMROM:MyROM|altsyncram:altsyncram_component|altsyncram_6or3:auto_generated|q_a[6]                          ; clkin        ; clkin       ; 1.000        ; -0.069     ; 2.353      ;
; -1.484 ; LPMROM:MyROM|altsyncram:altsyncram_component|altsyncram_6or3:auto_generated|ram_block1a0~porta_address_reg0 ; LPMROM:MyROM|altsyncram:altsyncram_component|altsyncram_6or3:auto_generated|q_a[5]                          ; clkin        ; clkin       ; 1.000        ; -0.069     ; 2.353      ;
; -1.484 ; LPMROM:MyROM|altsyncram:altsyncram_component|altsyncram_6or3:auto_generated|ram_block1a0~porta_address_reg0 ; LPMROM:MyROM|altsyncram:altsyncram_component|altsyncram_6or3:auto_generated|q_a[4]                          ; clkin        ; clkin       ; 1.000        ; -0.069     ; 2.353      ;
; -1.484 ; LPMROM:MyROM|altsyncram:altsyncram_component|altsyncram_6or3:auto_generated|ram_block1a0~porta_address_reg0 ; LPMROM:MyROM|altsyncram:altsyncram_component|altsyncram_6or3:auto_generated|q_a[3]                          ; clkin        ; clkin       ; 1.000        ; -0.069     ; 2.353      ;
; -1.484 ; LPMROM:MyROM|altsyncram:altsyncram_component|altsyncram_6or3:auto_generated|ram_block1a0~porta_address_reg0 ; LPMROM:MyROM|altsyncram:altsyncram_component|altsyncram_6or3:auto_generated|q_a[2]                          ; clkin        ; clkin       ; 1.000        ; -0.069     ; 2.353      ;
; -1.484 ; LPMROM:MyROM|altsyncram:altsyncram_component|altsyncram_6or3:auto_generated|ram_block1a0~porta_address_reg0 ; LPMROM:MyROM|altsyncram:altsyncram_component|altsyncram_6or3:auto_generated|q_a[1]                          ; clkin        ; clkin       ; 1.000        ; -0.069     ; 2.353      ;
; -1.484 ; LPMROM:MyROM|altsyncram:altsyncram_component|altsyncram_6or3:auto_generated|ram_block1a0~porta_address_reg0 ; LPMROM:MyROM|altsyncram:altsyncram_component|altsyncram_6or3:auto_generated|q_a[0]                          ; clkin        ; clkin       ; 1.000        ; -0.069     ; 2.353      ;
; -0.816 ; lpm_shiftreg:shift_FSK_reg|dffs[0]                                                                          ; lpm_ff:myFF|dffs[4]                                                                                         ; clkin        ; clkin       ; 1.000        ; -0.056     ; 1.755      ;
; -0.767 ; lpm_shiftreg:shift_FSK_reg|dffs[0]                                                                          ; lpm_ff:myFF|dffs[3]                                                                                         ; clkin        ; clkin       ; 1.000        ; -0.056     ; 1.706      ;
; -0.716 ; lpm_shiftreg:shift_FSK_reg|dffs[0]                                                                          ; lpm_ff:myFF|dffs[2]                                                                                         ; clkin        ; clkin       ; 1.000        ; -0.056     ; 1.655      ;
; -0.667 ; lpm_shiftreg:shift_FSK_reg|dffs[0]                                                                          ; lpm_ff:myFF|dffs[1]                                                                                         ; clkin        ; clkin       ; 1.000        ; -0.056     ; 1.606      ;
; -0.527 ; lpm_ff:myFF|dffs[1]                                                                                         ; lpm_ff:myFF|dffs[4]                                                                                         ; clkin        ; clkin       ; 1.000        ; -0.056     ; 1.466      ;
; -0.438 ; lpm_ff:myFF|dffs[0]                                                                                         ; lpm_ff:myFF|dffs[4]                                                                                         ; clkin        ; clkin       ; 1.000        ; -0.056     ; 1.377      ;
; -0.427 ; lpm_ff:myFF|dffs[1]                                                                                         ; lpm_ff:myFF|dffs[2]                                                                                         ; clkin        ; clkin       ; 1.000        ; -0.056     ; 1.366      ;
; -0.409 ; lpm_ff:myFF|dffs[1]                                                                                         ; lpm_ff:myFF|dffs[3]                                                                                         ; clkin        ; clkin       ; 1.000        ; -0.056     ; 1.348      ;
; -0.408 ; lpm_ff:myFF|dffs[0]                                                                                         ; lpm_ff:myFF|dffs[3]                                                                                         ; clkin        ; clkin       ; 1.000        ; -0.056     ; 1.347      ;
; -0.406 ; lpm_ff:myFF|dffs[3]                                                                                         ; lpm_ff:myFF|dffs[4]                                                                                         ; clkin        ; clkin       ; 1.000        ; -0.056     ; 1.345      ;
; -0.339 ; lpm_ff:myFF|dffs[2]                                                                                         ; lpm_ff:myFF|dffs[4]                                                                                         ; clkin        ; clkin       ; 1.000        ; -0.056     ; 1.278      ;
; -0.338 ; lpm_ff:myFF|dffs[0]                                                                                         ; lpm_ff:myFF|dffs[2]                                                                                         ; clkin        ; clkin       ; 1.000        ; -0.056     ; 1.277      ;
; -0.309 ; lpm_ff:myFF|dffs[2]                                                                                         ; lpm_ff:myFF|dffs[3]                                                                                         ; clkin        ; clkin       ; 1.000        ; -0.056     ; 1.248      ;
; -0.308 ; lpm_ff:myFF|dffs[0]                                                                                         ; lpm_ff:myFF|dffs[1]                                                                                         ; clkin        ; clkin       ; 1.000        ; -0.056     ; 1.247      ;
; -0.260 ; lpm_shiftreg:shift_FSK_reg|dffs[0]                                                                          ; lpm_ff:myFF|dffs[0]                                                                                         ; clkin        ; clkin       ; 1.000        ; -0.056     ; 1.199      ;
; -0.205 ; lpm_ff:myFF|dffs[4]                                                                                         ; lpm_ff:myFF|dffs[4]                                                                                         ; clkin        ; clkin       ; 1.000        ; -0.056     ; 1.144      ;
; -0.039 ; lpm_shiftreg:shift_FSK_reg|dffs[2]                                                                          ; lpm_shiftreg:shift_FSK_reg|dffs[1]                                                                          ; clkin        ; clkin       ; 1.000        ; -0.056     ; 0.978      ;
; -0.033 ; lpm_shiftreg:shift_FSK_reg|dffs[6]                                                                          ; lpm_shiftreg:shift_FSK_reg|dffs[5]                                                                          ; clkin        ; clkin       ; 1.000        ; -0.056     ; 0.972      ;
; 0.017  ; lpm_shiftreg:shift_FSK_reg|dffs[0]                                                                          ; lpm_shiftreg:shift_FSK_reg|dffs[8]                                                                          ; clkin        ; clkin       ; 1.000        ; -0.056     ; 0.922      ;
; 0.030  ; lpm_ff:myFF|dffs[1]                                                                                         ; lpm_ff:myFF|dffs[1]                                                                                         ; clkin        ; clkin       ; 1.000        ; -0.056     ; 0.909      ;
; 0.049  ; lpm_ff:myFF|dffs[3]                                                                                         ; lpm_ff:myFF|dffs[3]                                                                                         ; clkin        ; clkin       ; 1.000        ; -0.056     ; 0.890      ;
; 0.050  ; lpm_ff:myFF|dffs[0]                                                                                         ; lpm_ff:myFF|dffs[0]                                                                                         ; clkin        ; clkin       ; 1.000        ; -0.056     ; 0.889      ;
; 0.066  ; lpm_ff:myFF|dffs[2]                                                                                         ; lpm_ff:myFF|dffs[2]                                                                                         ; clkin        ; clkin       ; 1.000        ; -0.056     ; 0.873      ;
; 0.080  ; lpm_shiftreg:shift_FSK_reg|dffs[1]                                                                          ; lpm_shiftreg:shift_FSK_reg|dffs[0]                                                                          ; clkin        ; clkin       ; 1.000        ; -0.056     ; 0.859      ;
; 0.081  ; lpm_shiftreg:shift_FSK_reg|dffs[5]                                                                          ; lpm_shiftreg:shift_FSK_reg|dffs[4]                                                                          ; clkin        ; clkin       ; 1.000        ; -0.056     ; 0.858      ;
; 0.144  ; lpm_ff:myFF|dffs[3]                                                                                         ; LPMROM:MyROM|altsyncram:altsyncram_component|altsyncram_6or3:auto_generated|ram_block1a0~porta_address_reg0 ; clkin        ; clkin       ; 1.000        ; 0.218      ; 1.094      ;
; 0.147  ; lpm_ff:myFF|dffs[1]                                                                                         ; LPMROM:MyROM|altsyncram:altsyncram_component|altsyncram_6or3:auto_generated|ram_block1a0~porta_address_reg0 ; clkin        ; clkin       ; 1.000        ; 0.218      ; 1.091      ;
; 0.174  ; lpm_ff:myFF|dffs[2]                                                                                         ; LPMROM:MyROM|altsyncram:altsyncram_component|altsyncram_6or3:auto_generated|ram_block1a0~porta_address_reg0 ; clkin        ; clkin       ; 1.000        ; 0.218      ; 1.064      ;
; 0.190  ; lpm_shiftreg:shift_FSK_reg|dffs[7]                                                                          ; lpm_shiftreg:shift_FSK_reg|dffs[6]                                                                          ; clkin        ; clkin       ; 1.000        ; -0.056     ; 0.749      ;
; 0.192  ; lpm_ff:myFF|dffs[0]                                                                                         ; LPMROM:MyROM|altsyncram:altsyncram_component|altsyncram_6or3:auto_generated|ram_block1a0~porta_address_reg0 ; clkin        ; clkin       ; 1.000        ; 0.218      ; 1.046      ;
; 0.206  ; lpm_ff:myFF|dffs[4]                                                                                         ; LPMROM:MyROM|altsyncram:altsyncram_component|altsyncram_6or3:auto_generated|ram_block1a0~porta_address_reg0 ; clkin        ; clkin       ; 1.000        ; 0.218      ; 1.032      ;
; 0.310  ; lpm_shiftreg:shift_FSK_reg|dffs[4]                                                                          ; lpm_shiftreg:shift_FSK_reg|dffs[8]                                                                          ; clkin        ; clkin       ; 1.000        ; -0.056     ; 0.629      ;
; 0.320  ; lpm_shiftreg:shift_FSK_reg|dffs[4]                                                                          ; lpm_shiftreg:shift_FSK_reg|dffs[3]                                                                          ; clkin        ; clkin       ; 1.000        ; -0.056     ; 0.619      ;
; 0.329  ; lpm_shiftreg:shift_FSK_reg|dffs[8]                                                                          ; lpm_shiftreg:shift_FSK_reg|dffs[7]                                                                          ; clkin        ; clkin       ; 1.000        ; -0.056     ; 0.610      ;
; 0.330  ; lpm_shiftreg:shift_FSK_reg|dffs[3]                                                                          ; lpm_shiftreg:shift_FSK_reg|dffs[2]                                                                          ; clkin        ; clkin       ; 1.000        ; -0.056     ; 0.609      ;
; 0.356  ; lpm_shiftreg:shift_FSK_reg|dffs[8]                                                                          ; lpm_shiftreg:shift_FSK_reg|dffs[8]                                                                          ; clkin        ; clkin       ; 1.000        ; -0.056     ; 0.583      ;
+--------+-------------------------------------------------------------------------------------------------------------+-------------------------------------------------------------------------------------------------------------+--------------+-------------+--------------+------------+------------+


+---------------------------------------------------------------------------------------------------------------------------------------------------------------------------------------------------------------------------------------------------------------------------------------------------------+
; Slow 1200mV 0C Model Hold: 'clkin'                                                                                                                                                                                                                                                                      ;
+-------+-------------------------------------------------------------------------------------------------------------+-------------------------------------------------------------------------------------------------------------+--------------+-------------+--------------+------------+------------+
; Slack ; From Node                                                                                                   ; To Node                                                                                                     ; Launch Clock ; Latch Clock ; Relationship ; Clock Skew ; Data Delay ;
+-------+-------------------------------------------------------------------------------------------------------------+-------------------------------------------------------------------------------------------------------------+--------------+-------------+--------------+------------+------------+
; 0.311 ; lpm_shiftreg:shift_FSK_reg|dffs[8]                                                                          ; lpm_shiftreg:shift_FSK_reg|dffs[8]                                                                          ; clkin        ; clkin       ; 0.000        ; 0.056      ; 0.511      ;
; 0.336 ; lpm_shiftreg:shift_FSK_reg|dffs[4]                                                                          ; lpm_shiftreg:shift_FSK_reg|dffs[8]                                                                          ; clkin        ; clkin       ; 0.000        ; 0.056      ; 0.536      ;
; 0.338 ; lpm_shiftreg:shift_FSK_reg|dffs[3]                                                                          ; lpm_shiftreg:shift_FSK_reg|dffs[2]                                                                          ; clkin        ; clkin       ; 0.000        ; 0.056      ; 0.538      ;
; 0.339 ; lpm_shiftreg:shift_FSK_reg|dffs[8]                                                                          ; lpm_shiftreg:shift_FSK_reg|dffs[7]                                                                          ; clkin        ; clkin       ; 0.000        ; 0.056      ; 0.539      ;
; 0.345 ; lpm_shiftreg:shift_FSK_reg|dffs[4]                                                                          ; lpm_shiftreg:shift_FSK_reg|dffs[3]                                                                          ; clkin        ; clkin       ; 0.000        ; 0.056      ; 0.545      ;
; 0.465 ; lpm_shiftreg:shift_FSK_reg|dffs[7]                                                                          ; lpm_shiftreg:shift_FSK_reg|dffs[6]                                                                          ; clkin        ; clkin       ; 0.000        ; 0.056      ; 0.665      ;
; 0.483 ; lpm_ff:myFF|dffs[4]                                                                                         ; LPMROM:MyROM|altsyncram:altsyncram_component|altsyncram_6or3:auto_generated|ram_block1a0~porta_address_reg0 ; clkin        ; clkin       ; 0.000        ; 0.337      ; 0.989      ;
; 0.503 ; lpm_ff:myFF|dffs[0]                                                                                         ; LPMROM:MyROM|altsyncram:altsyncram_component|altsyncram_6or3:auto_generated|ram_block1a0~porta_address_reg0 ; clkin        ; clkin       ; 0.000        ; 0.337      ; 1.009      ;
; 0.511 ; lpm_ff:myFF|dffs[2]                                                                                         ; LPMROM:MyROM|altsyncram:altsyncram_component|altsyncram_6or3:auto_generated|ram_block1a0~porta_address_reg0 ; clkin        ; clkin       ; 0.000        ; 0.337      ; 1.017      ;
; 0.512 ; lpm_ff:myFF|dffs[3]                                                                                         ; lpm_ff:myFF|dffs[3]                                                                                         ; clkin        ; clkin       ; 0.000        ; 0.056      ; 0.712      ;
; 0.513 ; lpm_ff:myFF|dffs[2]                                                                                         ; lpm_ff:myFF|dffs[2]                                                                                         ; clkin        ; clkin       ; 0.000        ; 0.056      ; 0.713      ;
; 0.523 ; lpm_ff:myFF|dffs[0]                                                                                         ; lpm_ff:myFF|dffs[0]                                                                                         ; clkin        ; clkin       ; 0.000        ; 0.056      ; 0.723      ;
; 0.529 ; lpm_shiftreg:shift_FSK_reg|dffs[0]                                                                          ; lpm_shiftreg:shift_FSK_reg|dffs[8]                                                                          ; clkin        ; clkin       ; 0.000        ; 0.056      ; 0.729      ;
; 0.531 ; lpm_ff:myFF|dffs[1]                                                                                         ; lpm_ff:myFF|dffs[1]                                                                                         ; clkin        ; clkin       ; 0.000        ; 0.056      ; 0.731      ;
; 0.547 ; lpm_ff:myFF|dffs[3]                                                                                         ; LPMROM:MyROM|altsyncram:altsyncram_component|altsyncram_6or3:auto_generated|ram_block1a0~porta_address_reg0 ; clkin        ; clkin       ; 0.000        ; 0.337      ; 1.053      ;
; 0.548 ; lpm_ff:myFF|dffs[1]                                                                                         ; LPMROM:MyROM|altsyncram:altsyncram_component|altsyncram_6or3:auto_generated|ram_block1a0~porta_address_reg0 ; clkin        ; clkin       ; 0.000        ; 0.337      ; 1.054      ;
; 0.597 ; lpm_shiftreg:shift_FSK_reg|dffs[1]                                                                          ; lpm_shiftreg:shift_FSK_reg|dffs[0]                                                                          ; clkin        ; clkin       ; 0.000        ; 0.056      ; 0.797      ;
; 0.600 ; lpm_shiftreg:shift_FSK_reg|dffs[5]                                                                          ; lpm_shiftreg:shift_FSK_reg|dffs[4]                                                                          ; clkin        ; clkin       ; 0.000        ; 0.056      ; 0.800      ;
; 0.725 ; lpm_shiftreg:shift_FSK_reg|dffs[6]                                                                          ; lpm_shiftreg:shift_FSK_reg|dffs[5]                                                                          ; clkin        ; clkin       ; 0.000        ; 0.056      ; 0.925      ;
; 0.732 ; lpm_shiftreg:shift_FSK_reg|dffs[2]                                                                          ; lpm_shiftreg:shift_FSK_reg|dffs[1]                                                                          ; clkin        ; clkin       ; 0.000        ; 0.056      ; 0.932      ;
; 0.755 ; lpm_ff:myFF|dffs[3]                                                                                         ; lpm_ff:myFF|dffs[4]                                                                                         ; clkin        ; clkin       ; 0.000        ; 0.056      ; 0.955      ;
; 0.762 ; lpm_ff:myFF|dffs[0]                                                                                         ; lpm_ff:myFF|dffs[1]                                                                                         ; clkin        ; clkin       ; 0.000        ; 0.056      ; 0.962      ;
; 0.764 ; lpm_ff:myFF|dffs[2]                                                                                         ; lpm_ff:myFF|dffs[3]                                                                                         ; clkin        ; clkin       ; 0.000        ; 0.056      ; 0.964      ;
; 0.769 ; lpm_ff:myFF|dffs[0]                                                                                         ; lpm_ff:myFF|dffs[2]                                                                                         ; clkin        ; clkin       ; 0.000        ; 0.056      ; 0.969      ;
; 0.771 ; lpm_ff:myFF|dffs[2]                                                                                         ; lpm_ff:myFF|dffs[4]                                                                                         ; clkin        ; clkin       ; 0.000        ; 0.056      ; 0.971      ;
; 0.774 ; lpm_ff:myFF|dffs[1]                                                                                         ; lpm_ff:myFF|dffs[2]                                                                                         ; clkin        ; clkin       ; 0.000        ; 0.056      ; 0.974      ;
; 0.794 ; lpm_shiftreg:shift_FSK_reg|dffs[0]                                                                          ; lpm_ff:myFF|dffs[2]                                                                                         ; clkin        ; clkin       ; 0.000        ; 0.056      ; 0.994      ;
; 0.797 ; lpm_shiftreg:shift_FSK_reg|dffs[0]                                                                          ; lpm_ff:myFF|dffs[1]                                                                                         ; clkin        ; clkin       ; 0.000        ; 0.056      ; 0.997      ;
; 0.800 ; lpm_shiftreg:shift_FSK_reg|dffs[0]                                                                          ; lpm_ff:myFF|dffs[3]                                                                                         ; clkin        ; clkin       ; 0.000        ; 0.056      ; 1.000      ;
; 0.801 ; lpm_ff:myFF|dffs[4]                                                                                         ; lpm_ff:myFF|dffs[4]                                                                                         ; clkin        ; clkin       ; 0.000        ; 0.056      ; 1.001      ;
; 0.804 ; lpm_shiftreg:shift_FSK_reg|dffs[0]                                                                          ; lpm_ff:myFF|dffs[4]                                                                                         ; clkin        ; clkin       ; 0.000        ; 0.056      ; 1.004      ;
; 0.807 ; lpm_shiftreg:shift_FSK_reg|dffs[0]                                                                          ; lpm_ff:myFF|dffs[0]                                                                                         ; clkin        ; clkin       ; 0.000        ; 0.056      ; 1.007      ;
; 0.858 ; lpm_ff:myFF|dffs[0]                                                                                         ; lpm_ff:myFF|dffs[3]                                                                                         ; clkin        ; clkin       ; 0.000        ; 0.056      ; 1.058      ;
; 0.863 ; lpm_ff:myFF|dffs[1]                                                                                         ; lpm_ff:myFF|dffs[3]                                                                                         ; clkin        ; clkin       ; 0.000        ; 0.056      ; 1.063      ;
; 0.865 ; lpm_ff:myFF|dffs[0]                                                                                         ; lpm_ff:myFF|dffs[4]                                                                                         ; clkin        ; clkin       ; 0.000        ; 0.056      ; 1.065      ;
; 0.870 ; lpm_ff:myFF|dffs[1]                                                                                         ; lpm_ff:myFF|dffs[4]                                                                                         ; clkin        ; clkin       ; 0.000        ; 0.056      ; 1.070      ;
; 2.108 ; LPMROM:MyROM|altsyncram:altsyncram_component|altsyncram_6or3:auto_generated|ram_block1a0~porta_address_reg0 ; LPMROM:MyROM|altsyncram:altsyncram_component|altsyncram_6or3:auto_generated|q_a[7]                          ; clkin        ; clkin       ; 0.000        ; 0.010      ; 2.260      ;
; 2.108 ; LPMROM:MyROM|altsyncram:altsyncram_component|altsyncram_6or3:auto_generated|ram_block1a0~porta_address_reg0 ; LPMROM:MyROM|altsyncram:altsyncram_component|altsyncram_6or3:auto_generated|q_a[6]                          ; clkin        ; clkin       ; 0.000        ; 0.010      ; 2.260      ;
; 2.108 ; LPMROM:MyROM|altsyncram:altsyncram_component|altsyncram_6or3:auto_generated|ram_block1a0~porta_address_reg0 ; LPMROM:MyROM|altsyncram:altsyncram_component|altsyncram_6or3:auto_generated|q_a[5]                          ; clkin        ; clkin       ; 0.000        ; 0.010      ; 2.260      ;
; 2.108 ; LPMROM:MyROM|altsyncram:altsyncram_component|altsyncram_6or3:auto_generated|ram_block1a0~porta_address_reg0 ; LPMROM:MyROM|altsyncram:altsyncram_component|altsyncram_6or3:auto_generated|q_a[4]                          ; clkin        ; clkin       ; 0.000        ; 0.010      ; 2.260      ;
; 2.108 ; LPMROM:MyROM|altsyncram:altsyncram_component|altsyncram_6or3:auto_generated|ram_block1a0~porta_address_reg0 ; LPMROM:MyROM|altsyncram:altsyncram_component|altsyncram_6or3:auto_generated|q_a[3]                          ; clkin        ; clkin       ; 0.000        ; 0.010      ; 2.260      ;
; 2.108 ; LPMROM:MyROM|altsyncram:altsyncram_component|altsyncram_6or3:auto_generated|ram_block1a0~porta_address_reg0 ; LPMROM:MyROM|altsyncram:altsyncram_component|altsyncram_6or3:auto_generated|q_a[2]                          ; clkin        ; clkin       ; 0.000        ; 0.010      ; 2.260      ;
; 2.108 ; LPMROM:MyROM|altsyncram:altsyncram_component|altsyncram_6or3:auto_generated|ram_block1a0~porta_address_reg0 ; LPMROM:MyROM|altsyncram:altsyncram_component|altsyncram_6or3:auto_generated|q_a[1]                          ; clkin        ; clkin       ; 0.000        ; 0.010      ; 2.260      ;
; 2.108 ; LPMROM:MyROM|altsyncram:altsyncram_component|altsyncram_6or3:auto_generated|ram_block1a0~porta_address_reg0 ; LPMROM:MyROM|altsyncram:altsyncram_component|altsyncram_6or3:auto_generated|q_a[0]                          ; clkin        ; clkin       ; 0.000        ; 0.010      ; 2.260      ;
+-------+-------------------------------------------------------------------------------------------------------------+-------------------------------------------------------------------------------------------------------------+--------------+-------------+--------------+------------+------------+


+----------------------------------------------------------------------------------------------------------------------------------------------------------------------------------------------+
; Slow 1200mV 0C Model Minimum Pulse Width: 'clkin'                                                                                                                                            ;
+--------+--------------+----------------+------------------+-------+------------+-------------------------------------------------------------------------------------------------------------+
; Slack  ; Actual Width ; Required Width ; Type             ; Clock ; Clock Edge ; Target                                                                                                      ;
+--------+--------------+----------------+------------------+-------+------------+-------------------------------------------------------------------------------------------------------------+
; -3.000 ; 1.000        ; 4.000          ; Port Rate        ; clkin ; Rise       ; clkin                                                                                                       ;
; -2.174 ; 1.000        ; 3.174          ; Min Period       ; clkin ; Rise       ; LPMROM:MyROM|altsyncram:altsyncram_component|altsyncram_6or3:auto_generated|q_a[0]                          ;
; -2.174 ; 1.000        ; 3.174          ; Min Period       ; clkin ; Rise       ; LPMROM:MyROM|altsyncram:altsyncram_component|altsyncram_6or3:auto_generated|q_a[1]                          ;
; -2.174 ; 1.000        ; 3.174          ; Min Period       ; clkin ; Rise       ; LPMROM:MyROM|altsyncram:altsyncram_component|altsyncram_6or3:auto_generated|q_a[2]                          ;
; -2.174 ; 1.000        ; 3.174          ; Min Period       ; clkin ; Rise       ; LPMROM:MyROM|altsyncram:altsyncram_component|altsyncram_6or3:auto_generated|q_a[3]                          ;
; -2.174 ; 1.000        ; 3.174          ; Min Period       ; clkin ; Rise       ; LPMROM:MyROM|altsyncram:altsyncram_component|altsyncram_6or3:auto_generated|q_a[4]                          ;
; -2.174 ; 1.000        ; 3.174          ; Min Period       ; clkin ; Rise       ; LPMROM:MyROM|altsyncram:altsyncram_component|altsyncram_6or3:auto_generated|q_a[5]                          ;
; -2.174 ; 1.000        ; 3.174          ; Min Period       ; clkin ; Rise       ; LPMROM:MyROM|altsyncram:altsyncram_component|altsyncram_6or3:auto_generated|q_a[6]                          ;
; -2.174 ; 1.000        ; 3.174          ; Min Period       ; clkin ; Rise       ; LPMROM:MyROM|altsyncram:altsyncram_component|altsyncram_6or3:auto_generated|q_a[7]                          ;
; -2.174 ; 1.000        ; 3.174          ; Min Period       ; clkin ; Rise       ; LPMROM:MyROM|altsyncram:altsyncram_component|altsyncram_6or3:auto_generated|ram_block1a0~porta_address_reg0 ;
; -1.000 ; 1.000        ; 2.000          ; Min Period       ; clkin ; Rise       ; lpm_ff:myFF|dffs[0]                                                                                         ;
; -1.000 ; 1.000        ; 2.000          ; Min Period       ; clkin ; Rise       ; lpm_ff:myFF|dffs[1]                                                                                         ;
; -1.000 ; 1.000        ; 2.000          ; Min Period       ; clkin ; Rise       ; lpm_ff:myFF|dffs[2]                                                                                         ;
; -1.000 ; 1.000        ; 2.000          ; Min Period       ; clkin ; Rise       ; lpm_ff:myFF|dffs[3]                                                                                         ;
; -1.000 ; 1.000        ; 2.000          ; Min Period       ; clkin ; Rise       ; lpm_ff:myFF|dffs[4]                                                                                         ;
; -1.000 ; 1.000        ; 2.000          ; Min Period       ; clkin ; Rise       ; lpm_shiftreg:shift_FSK_reg|dffs[0]                                                                          ;
; -1.000 ; 1.000        ; 2.000          ; Min Period       ; clkin ; Rise       ; lpm_shiftreg:shift_FSK_reg|dffs[1]                                                                          ;
; -1.000 ; 1.000        ; 2.000          ; Min Period       ; clkin ; Rise       ; lpm_shiftreg:shift_FSK_reg|dffs[2]                                                                          ;
; -1.000 ; 1.000        ; 2.000          ; Min Period       ; clkin ; Rise       ; lpm_shiftreg:shift_FSK_reg|dffs[3]                                                                          ;
; -1.000 ; 1.000        ; 2.000          ; Min Period       ; clkin ; Rise       ; lpm_shiftreg:shift_FSK_reg|dffs[4]                                                                          ;
; -1.000 ; 1.000        ; 2.000          ; Min Period       ; clkin ; Rise       ; lpm_shiftreg:shift_FSK_reg|dffs[5]                                                                          ;
; -1.000 ; 1.000        ; 2.000          ; Min Period       ; clkin ; Rise       ; lpm_shiftreg:shift_FSK_reg|dffs[6]                                                                          ;
; -1.000 ; 1.000        ; 2.000          ; Min Period       ; clkin ; Rise       ; lpm_shiftreg:shift_FSK_reg|dffs[7]                                                                          ;
; -1.000 ; 1.000        ; 2.000          ; Min Period       ; clkin ; Rise       ; lpm_shiftreg:shift_FSK_reg|dffs[8]                                                                          ;
; 0.065  ; 0.295        ; 0.230          ; Low Pulse Width  ; clkin ; Rise       ; LPMROM:MyROM|altsyncram:altsyncram_component|altsyncram_6or3:auto_generated|ram_block1a0~porta_address_reg0 ;
; 0.069  ; 0.299        ; 0.230          ; Low Pulse Width  ; clkin ; Rise       ; LPMROM:MyROM|altsyncram:altsyncram_component|altsyncram_6or3:auto_generated|q_a[0]                          ;
; 0.069  ; 0.299        ; 0.230          ; Low Pulse Width  ; clkin ; Rise       ; LPMROM:MyROM|altsyncram:altsyncram_component|altsyncram_6or3:auto_generated|q_a[1]                          ;
; 0.069  ; 0.299        ; 0.230          ; Low Pulse Width  ; clkin ; Rise       ; LPMROM:MyROM|altsyncram:altsyncram_component|altsyncram_6or3:auto_generated|q_a[2]                          ;
; 0.069  ; 0.299        ; 0.230          ; Low Pulse Width  ; clkin ; Rise       ; LPMROM:MyROM|altsyncram:altsyncram_component|altsyncram_6or3:auto_generated|q_a[3]                          ;
; 0.069  ; 0.299        ; 0.230          ; Low Pulse Width  ; clkin ; Rise       ; LPMROM:MyROM|altsyncram:altsyncram_component|altsyncram_6or3:auto_generated|q_a[4]                          ;
; 0.069  ; 0.299        ; 0.230          ; Low Pulse Width  ; clkin ; Rise       ; LPMROM:MyROM|altsyncram:altsyncram_component|altsyncram_6or3:auto_generated|q_a[5]                          ;
; 0.069  ; 0.299        ; 0.230          ; Low Pulse Width  ; clkin ; Rise       ; LPMROM:MyROM|altsyncram:altsyncram_component|altsyncram_6or3:auto_generated|q_a[6]                          ;
; 0.069  ; 0.299        ; 0.230          ; Low Pulse Width  ; clkin ; Rise       ; LPMROM:MyROM|altsyncram:altsyncram_component|altsyncram_6or3:auto_generated|q_a[7]                          ;
; 0.171  ; 0.355        ; 0.184          ; Low Pulse Width  ; clkin ; Rise       ; lpm_ff:myFF|dffs[0]                                                                                         ;
; 0.171  ; 0.355        ; 0.184          ; Low Pulse Width  ; clkin ; Rise       ; lpm_ff:myFF|dffs[1]                                                                                         ;
; 0.171  ; 0.355        ; 0.184          ; Low Pulse Width  ; clkin ; Rise       ; lpm_ff:myFF|dffs[2]                                                                                         ;
; 0.171  ; 0.355        ; 0.184          ; Low Pulse Width  ; clkin ; Rise       ; lpm_ff:myFF|dffs[3]                                                                                         ;
; 0.171  ; 0.355        ; 0.184          ; Low Pulse Width  ; clkin ; Rise       ; lpm_ff:myFF|dffs[4]                                                                                         ;
; 0.171  ; 0.355        ; 0.184          ; Low Pulse Width  ; clkin ; Rise       ; lpm_shiftreg:shift_FSK_reg|dffs[0]                                                                          ;
; 0.171  ; 0.355        ; 0.184          ; Low Pulse Width  ; clkin ; Rise       ; lpm_shiftreg:shift_FSK_reg|dffs[1]                                                                          ;
; 0.171  ; 0.355        ; 0.184          ; Low Pulse Width  ; clkin ; Rise       ; lpm_shiftreg:shift_FSK_reg|dffs[2]                                                                          ;
; 0.171  ; 0.355        ; 0.184          ; Low Pulse Width  ; clkin ; Rise       ; lpm_shiftreg:shift_FSK_reg|dffs[3]                                                                          ;
; 0.171  ; 0.355        ; 0.184          ; Low Pulse Width  ; clkin ; Rise       ; lpm_shiftreg:shift_FSK_reg|dffs[4]                                                                          ;
; 0.171  ; 0.355        ; 0.184          ; Low Pulse Width  ; clkin ; Rise       ; lpm_shiftreg:shift_FSK_reg|dffs[5]                                                                          ;
; 0.171  ; 0.355        ; 0.184          ; Low Pulse Width  ; clkin ; Rise       ; lpm_shiftreg:shift_FSK_reg|dffs[6]                                                                          ;
; 0.171  ; 0.355        ; 0.184          ; Low Pulse Width  ; clkin ; Rise       ; lpm_shiftreg:shift_FSK_reg|dffs[7]                                                                          ;
; 0.171  ; 0.355        ; 0.184          ; Low Pulse Width  ; clkin ; Rise       ; lpm_shiftreg:shift_FSK_reg|dffs[8]                                                                          ;
; 0.331  ; 0.331        ; 0.000          ; Low Pulse Width  ; clkin ; Rise       ; myFF|dffs[0]|clk                                                                                            ;
; 0.331  ; 0.331        ; 0.000          ; Low Pulse Width  ; clkin ; Rise       ; myFF|dffs[1]|clk                                                                                            ;
; 0.331  ; 0.331        ; 0.000          ; Low Pulse Width  ; clkin ; Rise       ; myFF|dffs[2]|clk                                                                                            ;
; 0.331  ; 0.331        ; 0.000          ; Low Pulse Width  ; clkin ; Rise       ; myFF|dffs[3]|clk                                                                                            ;
; 0.331  ; 0.331        ; 0.000          ; Low Pulse Width  ; clkin ; Rise       ; myFF|dffs[4]|clk                                                                                            ;
; 0.331  ; 0.331        ; 0.000          ; Low Pulse Width  ; clkin ; Rise       ; shift_FSK_reg|dffs[0]|clk                                                                                   ;
; 0.331  ; 0.331        ; 0.000          ; Low Pulse Width  ; clkin ; Rise       ; shift_FSK_reg|dffs[1]|clk                                                                                   ;
; 0.331  ; 0.331        ; 0.000          ; Low Pulse Width  ; clkin ; Rise       ; shift_FSK_reg|dffs[2]|clk                                                                                   ;
; 0.331  ; 0.331        ; 0.000          ; Low Pulse Width  ; clkin ; Rise       ; shift_FSK_reg|dffs[3]|clk                                                                                   ;
; 0.331  ; 0.331        ; 0.000          ; Low Pulse Width  ; clkin ; Rise       ; shift_FSK_reg|dffs[4]|clk                                                                                   ;
; 0.331  ; 0.331        ; 0.000          ; Low Pulse Width  ; clkin ; Rise       ; shift_FSK_reg|dffs[5]|clk                                                                                   ;
; 0.331  ; 0.331        ; 0.000          ; Low Pulse Width  ; clkin ; Rise       ; shift_FSK_reg|dffs[6]|clk                                                                                   ;
; 0.331  ; 0.331        ; 0.000          ; Low Pulse Width  ; clkin ; Rise       ; shift_FSK_reg|dffs[7]|clk                                                                                   ;
; 0.331  ; 0.331        ; 0.000          ; Low Pulse Width  ; clkin ; Rise       ; shift_FSK_reg|dffs[8]|clk                                                                                   ;
; 0.332  ; 0.332        ; 0.000          ; Low Pulse Width  ; clkin ; Rise       ; MyROM|altsyncram_component|auto_generated|ram_block1a0|clk0                                                 ;
; 0.338  ; 0.338        ; 0.000          ; Low Pulse Width  ; clkin ; Rise       ; clkin~input|o                                                                                               ;
; 0.350  ; 0.350        ; 0.000          ; Low Pulse Width  ; clkin ; Rise       ; clkin~inputclkctrl|inclk[0]                                                                                 ;
; 0.350  ; 0.350        ; 0.000          ; Low Pulse Width  ; clkin ; Rise       ; clkin~inputclkctrl|outclk                                                                                   ;
; 0.428  ; 0.644        ; 0.216          ; High Pulse Width ; clkin ; Rise       ; lpm_ff:myFF|dffs[0]                                                                                         ;
; 0.428  ; 0.644        ; 0.216          ; High Pulse Width ; clkin ; Rise       ; lpm_ff:myFF|dffs[1]                                                                                         ;
; 0.428  ; 0.644        ; 0.216          ; High Pulse Width ; clkin ; Rise       ; lpm_ff:myFF|dffs[2]                                                                                         ;
; 0.428  ; 0.644        ; 0.216          ; High Pulse Width ; clkin ; Rise       ; lpm_ff:myFF|dffs[3]                                                                                         ;
; 0.428  ; 0.644        ; 0.216          ; High Pulse Width ; clkin ; Rise       ; lpm_ff:myFF|dffs[4]                                                                                         ;
; 0.428  ; 0.644        ; 0.216          ; High Pulse Width ; clkin ; Rise       ; lpm_shiftreg:shift_FSK_reg|dffs[0]                                                                          ;
; 0.428  ; 0.644        ; 0.216          ; High Pulse Width ; clkin ; Rise       ; lpm_shiftreg:shift_FSK_reg|dffs[1]                                                                          ;
; 0.428  ; 0.644        ; 0.216          ; High Pulse Width ; clkin ; Rise       ; lpm_shiftreg:shift_FSK_reg|dffs[2]                                                                          ;
; 0.428  ; 0.644        ; 0.216          ; High Pulse Width ; clkin ; Rise       ; lpm_shiftreg:shift_FSK_reg|dffs[3]                                                                          ;
; 0.428  ; 0.644        ; 0.216          ; High Pulse Width ; clkin ; Rise       ; lpm_shiftreg:shift_FSK_reg|dffs[4]                                                                          ;
; 0.428  ; 0.644        ; 0.216          ; High Pulse Width ; clkin ; Rise       ; lpm_shiftreg:shift_FSK_reg|dffs[5]                                                                          ;
; 0.428  ; 0.644        ; 0.216          ; High Pulse Width ; clkin ; Rise       ; lpm_shiftreg:shift_FSK_reg|dffs[6]                                                                          ;
; 0.428  ; 0.644        ; 0.216          ; High Pulse Width ; clkin ; Rise       ; lpm_shiftreg:shift_FSK_reg|dffs[7]                                                                          ;
; 0.428  ; 0.644        ; 0.216          ; High Pulse Width ; clkin ; Rise       ; lpm_shiftreg:shift_FSK_reg|dffs[8]                                                                          ;
; 0.468  ; 0.698        ; 0.230          ; High Pulse Width ; clkin ; Rise       ; LPMROM:MyROM|altsyncram:altsyncram_component|altsyncram_6or3:auto_generated|q_a[0]                          ;
; 0.468  ; 0.698        ; 0.230          ; High Pulse Width ; clkin ; Rise       ; LPMROM:MyROM|altsyncram:altsyncram_component|altsyncram_6or3:auto_generated|q_a[1]                          ;
; 0.468  ; 0.698        ; 0.230          ; High Pulse Width ; clkin ; Rise       ; LPMROM:MyROM|altsyncram:altsyncram_component|altsyncram_6or3:auto_generated|q_a[2]                          ;
; 0.468  ; 0.698        ; 0.230          ; High Pulse Width ; clkin ; Rise       ; LPMROM:MyROM|altsyncram:altsyncram_component|altsyncram_6or3:auto_generated|q_a[3]                          ;
; 0.468  ; 0.698        ; 0.230          ; High Pulse Width ; clkin ; Rise       ; LPMROM:MyROM|altsyncram:altsyncram_component|altsyncram_6or3:auto_generated|q_a[4]                          ;
; 0.468  ; 0.698        ; 0.230          ; High Pulse Width ; clkin ; Rise       ; LPMROM:MyROM|altsyncram:altsyncram_component|altsyncram_6or3:auto_generated|q_a[5]                          ;
; 0.468  ; 0.698        ; 0.230          ; High Pulse Width ; clkin ; Rise       ; LPMROM:MyROM|altsyncram:altsyncram_component|altsyncram_6or3:auto_generated|q_a[6]                          ;
; 0.468  ; 0.698        ; 0.230          ; High Pulse Width ; clkin ; Rise       ; LPMROM:MyROM|altsyncram:altsyncram_component|altsyncram_6or3:auto_generated|q_a[7]                          ;
; 0.472  ; 0.702        ; 0.230          ; High Pulse Width ; clkin ; Rise       ; LPMROM:MyROM|altsyncram:altsyncram_component|altsyncram_6or3:auto_generated|ram_block1a0~porta_address_reg0 ;
; 0.500  ; 0.500        ; 0.000          ; High Pulse Width ; clkin ; Rise       ; clkin~input|i                                                                                               ;
; 0.500  ; 0.500        ; 0.000          ; Low Pulse Width  ; clkin ; Rise       ; clkin~input|i                                                                                               ;
; 0.650  ; 0.650        ; 0.000          ; High Pulse Width ; clkin ; Rise       ; clkin~inputclkctrl|inclk[0]                                                                                 ;
; 0.650  ; 0.650        ; 0.000          ; High Pulse Width ; clkin ; Rise       ; clkin~inputclkctrl|outclk                                                                                   ;
; 0.662  ; 0.662        ; 0.000          ; High Pulse Width ; clkin ; Rise       ; clkin~input|o                                                                                               ;
; 0.668  ; 0.668        ; 0.000          ; High Pulse Width ; clkin ; Rise       ; MyROM|altsyncram_component|auto_generated|ram_block1a0|clk0                                                 ;
; 0.668  ; 0.668        ; 0.000          ; High Pulse Width ; clkin ; Rise       ; myFF|dffs[0]|clk                                                                                            ;
; 0.668  ; 0.668        ; 0.000          ; High Pulse Width ; clkin ; Rise       ; myFF|dffs[1]|clk                                                                                            ;
; 0.668  ; 0.668        ; 0.000          ; High Pulse Width ; clkin ; Rise       ; myFF|dffs[2]|clk                                                                                            ;
; 0.668  ; 0.668        ; 0.000          ; High Pulse Width ; clkin ; Rise       ; myFF|dffs[3]|clk                                                                                            ;
; 0.668  ; 0.668        ; 0.000          ; High Pulse Width ; clkin ; Rise       ; myFF|dffs[4]|clk                                                                                            ;
; 0.668  ; 0.668        ; 0.000          ; High Pulse Width ; clkin ; Rise       ; shift_FSK_reg|dffs[0]|clk                                                                                   ;
+--------+--------------+----------------+------------------+-------+------------+-------------------------------------------------------------------------------------------------------------+


+-----------------------------------------------------------------------------+
; Setup Times                                                                 ;
+-----------------+------------+-------+-------+------------+-----------------+
; Data Port       ; Clock Port ; Rise  ; Fall  ; Clock Edge ; Clock Reference ;
+-----------------+------------+-------+-------+------------+-----------------+
; data_port_A[*]  ; clkin      ; 2.534 ; 2.975 ; Rise       ; clkin           ;
;  data_port_A[0] ; clkin      ; 2.534 ; 2.892 ; Rise       ; clkin           ;
;  data_port_A[1] ; clkin      ; 2.426 ; 2.975 ; Rise       ; clkin           ;
;  data_port_A[2] ; clkin      ; 2.440 ; 2.798 ; Rise       ; clkin           ;
;  data_port_A[3] ; clkin      ; 2.277 ; 2.833 ; Rise       ; clkin           ;
;  data_port_A[4] ; clkin      ; 1.352 ; 1.698 ; Rise       ; clkin           ;
; data_port_B[*]  ; clkin      ; 2.577 ; 3.022 ; Rise       ; clkin           ;
;  data_port_B[0] ; clkin      ; 2.577 ; 2.944 ; Rise       ; clkin           ;
;  data_port_B[1] ; clkin      ; 2.467 ; 3.022 ; Rise       ; clkin           ;
;  data_port_B[2] ; clkin      ; 2.389 ; 2.744 ; Rise       ; clkin           ;
;  data_port_B[3] ; clkin      ; 2.190 ; 2.753 ; Rise       ; clkin           ;
;  data_port_B[4] ; clkin      ; 1.787 ; 2.154 ; Rise       ; clkin           ;
+-----------------+------------+-------+-------+------------+-----------------+


+-------------------------------------------------------------------------------+
; Hold Times                                                                    ;
+-----------------+------------+--------+--------+------------+-----------------+
; Data Port       ; Clock Port ; Rise   ; Fall   ; Clock Edge ; Clock Reference ;
+-----------------+------------+--------+--------+------------+-----------------+
; data_port_A[*]  ; clkin      ; -1.030 ; -1.360 ; Rise       ; clkin           ;
;  data_port_A[0] ; clkin      ; -1.599 ; -1.947 ; Rise       ; clkin           ;
;  data_port_A[1] ; clkin      ; -1.598 ; -1.973 ; Rise       ; clkin           ;
;  data_port_A[2] ; clkin      ; -1.590 ; -1.954 ; Rise       ; clkin           ;
;  data_port_A[3] ; clkin      ; -1.569 ; -1.925 ; Rise       ; clkin           ;
;  data_port_A[4] ; clkin      ; -1.030 ; -1.360 ; Rise       ; clkin           ;
; data_port_B[*]  ; clkin      ; -1.401 ; -1.738 ; Rise       ; clkin           ;
;  data_port_B[0] ; clkin      ; -1.628 ; -1.981 ; Rise       ; clkin           ;
;  data_port_B[1] ; clkin      ; -1.631 ; -2.001 ; Rise       ; clkin           ;
;  data_port_B[2] ; clkin      ; -1.553 ; -1.926 ; Rise       ; clkin           ;
;  data_port_B[3] ; clkin      ; -1.498 ; -1.870 ; Rise       ; clkin           ;
;  data_port_B[4] ; clkin      ; -1.401 ; -1.738 ; Rise       ; clkin           ;
+-----------------+------------+--------+--------+------------+-----------------+


+-------------------------------------------------------------------------+
; Clock to Output Times                                                   ;
+-------------+------------+-------+-------+------------+-----------------+
; Data Port   ; Clock Port ; Rise  ; Fall  ; Clock Edge ; Clock Reference ;
+-------------+------------+-------+-------+------------+-----------------+
; FSK_OUT[*]  ; clkin      ; 5.494 ; 5.464 ; Rise       ; clkin           ;
;  FSK_OUT[0] ; clkin      ; 5.494 ; 5.464 ; Rise       ; clkin           ;
;  FSK_OUT[1] ; clkin      ; 5.269 ; 5.247 ; Rise       ; clkin           ;
;  FSK_OUT[2] ; clkin      ; 5.221 ; 5.165 ; Rise       ; clkin           ;
;  FSK_OUT[3] ; clkin      ; 5.204 ; 5.159 ; Rise       ; clkin           ;
;  FSK_OUT[4] ; clkin      ; 5.018 ; 5.003 ; Rise       ; clkin           ;
;  FSK_OUT[5] ; clkin      ; 5.247 ; 5.215 ; Rise       ; clkin           ;
;  FSK_OUT[6] ; clkin      ; 5.268 ; 5.234 ; Rise       ; clkin           ;
;  FSK_OUT[7] ; clkin      ; 5.414 ; 5.355 ; Rise       ; clkin           ;
; LUT_OUT[*]  ; clkin      ; 6.499 ; 6.538 ; Rise       ; clkin           ;
;  LUT_OUT[0] ; clkin      ; 5.494 ; 5.464 ; Rise       ; clkin           ;
;  LUT_OUT[1] ; clkin      ; 6.499 ; 6.538 ; Rise       ; clkin           ;
;  LUT_OUT[2] ; clkin      ; 5.201 ; 5.145 ; Rise       ; clkin           ;
;  LUT_OUT[3] ; clkin      ; 5.204 ; 5.159 ; Rise       ; clkin           ;
;  LUT_OUT[4] ; clkin      ; 5.018 ; 5.003 ; Rise       ; clkin           ;
;  LUT_OUT[5] ; clkin      ; 5.247 ; 5.215 ; Rise       ; clkin           ;
;  LUT_OUT[6] ; clkin      ; 5.278 ; 5.244 ; Rise       ; clkin           ;
;  LUT_OUT[7] ; clkin      ; 5.384 ; 5.325 ; Rise       ; clkin           ;
; PA_out[*]   ; clkin      ; 4.925 ; 4.917 ; Rise       ; clkin           ;
;  PA_out[0]  ; clkin      ; 4.894 ; 4.862 ; Rise       ; clkin           ;
;  PA_out[1]  ; clkin      ; 4.453 ; 4.477 ; Rise       ; clkin           ;
;  PA_out[2]  ; clkin      ; 4.705 ; 4.721 ; Rise       ; clkin           ;
;  PA_out[3]  ; clkin      ; 4.925 ; 4.917 ; Rise       ; clkin           ;
;  PA_out[4]  ; clkin      ; 4.530 ; 4.548 ; Rise       ; clkin           ;
+-------------+------------+-------+-------+------------+-----------------+


+-------------------------------------------------------------------------+
; Minimum Clock to Output Times                                           ;
+-------------+------------+-------+-------+------------+-----------------+
; Data Port   ; Clock Port ; Rise  ; Fall  ; Clock Edge ; Clock Reference ;
+-------------+------------+-------+-------+------------+-----------------+
; FSK_OUT[*]  ; clkin      ; 4.923 ; 4.908 ; Rise       ; clkin           ;
;  FSK_OUT[0] ; clkin      ; 5.382 ; 5.353 ; Rise       ; clkin           ;
;  FSK_OUT[1] ; clkin      ; 5.164 ; 5.142 ; Rise       ; clkin           ;
;  FSK_OUT[2] ; clkin      ; 5.119 ; 5.065 ; Rise       ; clkin           ;
;  FSK_OUT[3] ; clkin      ; 5.102 ; 5.057 ; Rise       ; clkin           ;
;  FSK_OUT[4] ; clkin      ; 4.923 ; 4.908 ; Rise       ; clkin           ;
;  FSK_OUT[5] ; clkin      ; 5.142 ; 5.112 ; Rise       ; clkin           ;
;  FSK_OUT[6] ; clkin      ; 5.163 ; 5.130 ; Rise       ; clkin           ;
;  FSK_OUT[7] ; clkin      ; 5.304 ; 5.247 ; Rise       ; clkin           ;
; LUT_OUT[*]  ; clkin      ; 4.923 ; 4.908 ; Rise       ; clkin           ;
;  LUT_OUT[0] ; clkin      ; 5.382 ; 5.353 ; Rise       ; clkin           ;
;  LUT_OUT[1] ; clkin      ; 6.395 ; 6.436 ; Rise       ; clkin           ;
;  LUT_OUT[2] ; clkin      ; 5.099 ; 5.045 ; Rise       ; clkin           ;
;  LUT_OUT[3] ; clkin      ; 5.102 ; 5.057 ; Rise       ; clkin           ;
;  LUT_OUT[4] ; clkin      ; 4.923 ; 4.908 ; Rise       ; clkin           ;
;  LUT_OUT[5] ; clkin      ; 5.142 ; 5.112 ; Rise       ; clkin           ;
;  LUT_OUT[6] ; clkin      ; 5.173 ; 5.140 ; Rise       ; clkin           ;
;  LUT_OUT[7] ; clkin      ; 5.274 ; 5.217 ; Rise       ; clkin           ;
; PA_out[*]   ; clkin      ; 4.373 ; 4.396 ; Rise       ; clkin           ;
;  PA_out[0]  ; clkin      ; 4.797 ; 4.767 ; Rise       ; clkin           ;
;  PA_out[1]  ; clkin      ; 4.373 ; 4.396 ; Rise       ; clkin           ;
;  PA_out[2]  ; clkin      ; 4.616 ; 4.631 ; Rise       ; clkin           ;
;  PA_out[3]  ; clkin      ; 4.827 ; 4.819 ; Rise       ; clkin           ;
;  PA_out[4]  ; clkin      ; 4.451 ; 4.468 ; Rise       ; clkin           ;
+-------------+------------+-------+-------+------------+-----------------+


---------------------------------------------
; Slow 1200mV 0C Model Metastability Report ;
---------------------------------------------
No synchronizer chains to report.


+------------------------------------+
; Fast 1200mV 0C Model Setup Summary ;
+-------+--------+-------------------+
; Clock ; Slack  ; End Point TNS     ;
+-------+--------+-------------------+
; clkin ; -0.324 ; -2.936            ;
+-------+--------+-------------------+


+-----------------------------------+
; Fast 1200mV 0C Model Hold Summary ;
+-------+-------+-------------------+
; Clock ; Slack ; End Point TNS     ;
+-------+-------+-------------------+
; clkin ; 0.186 ; 0.000             ;
+-------+-------+-------------------+


-----------------------------------------
; Fast 1200mV 0C Model Recovery Summary ;
-----------------------------------------
No paths to report.


----------------------------------------
; Fast 1200mV 0C Model Removal Summary ;
----------------------------------------
No paths to report.


+--------------------------------------------------+
; Fast 1200mV 0C Model Minimum Pulse Width Summary ;
+-------+--------+---------------------------------+
; Clock ; Slack  ; End Point TNS                   ;
+-------+--------+---------------------------------+
; clkin ; -3.000 ; -27.939                         ;
+-------+--------+---------------------------------+


+----------------------------------------------------------------------------------------------------------------------------------------------------------------------------------------------------------------------------------------------------------------------------------------------------------+
; Fast 1200mV 0C Model Setup: 'clkin'                                                                                                                                                                                                                                                                      ;
+--------+-------------------------------------------------------------------------------------------------------------+-------------------------------------------------------------------------------------------------------------+--------------+-------------+--------------+------------+------------+
; Slack  ; From Node                                                                                                   ; To Node                                                                                                     ; Launch Clock ; Latch Clock ; Relationship ; Clock Skew ; Data Delay ;
+--------+-------------------------------------------------------------------------------------------------------------+-------------------------------------------------------------------------------------------------------------+--------------+-------------+--------------+------------+------------+
; -0.324 ; LPMROM:MyROM|altsyncram:altsyncram_component|altsyncram_6or3:auto_generated|ram_block1a0~porta_address_reg0 ; LPMROM:MyROM|altsyncram:altsyncram_component|altsyncram_6or3:auto_generated|q_a[7]                          ; clkin        ; clkin       ; 1.000        ; -0.047     ; 1.232      ;
; -0.324 ; LPMROM:MyROM|altsyncram:altsyncram_component|altsyncram_6or3:auto_generated|ram_block1a0~porta_address_reg0 ; LPMROM:MyROM|altsyncram:altsyncram_component|altsyncram_6or3:auto_generated|q_a[6]                          ; clkin        ; clkin       ; 1.000        ; -0.047     ; 1.232      ;
; -0.324 ; LPMROM:MyROM|altsyncram:altsyncram_component|altsyncram_6or3:auto_generated|ram_block1a0~porta_address_reg0 ; LPMROM:MyROM|altsyncram:altsyncram_component|altsyncram_6or3:auto_generated|q_a[5]                          ; clkin        ; clkin       ; 1.000        ; -0.047     ; 1.232      ;
; -0.324 ; LPMROM:MyROM|altsyncram:altsyncram_component|altsyncram_6or3:auto_generated|ram_block1a0~porta_address_reg0 ; LPMROM:MyROM|altsyncram:altsyncram_component|altsyncram_6or3:auto_generated|q_a[4]                          ; clkin        ; clkin       ; 1.000        ; -0.047     ; 1.232      ;
; -0.324 ; LPMROM:MyROM|altsyncram:altsyncram_component|altsyncram_6or3:auto_generated|ram_block1a0~porta_address_reg0 ; LPMROM:MyROM|altsyncram:altsyncram_component|altsyncram_6or3:auto_generated|q_a[3]                          ; clkin        ; clkin       ; 1.000        ; -0.047     ; 1.232      ;
; -0.324 ; LPMROM:MyROM|altsyncram:altsyncram_component|altsyncram_6or3:auto_generated|ram_block1a0~porta_address_reg0 ; LPMROM:MyROM|altsyncram:altsyncram_component|altsyncram_6or3:auto_generated|q_a[2]                          ; clkin        ; clkin       ; 1.000        ; -0.047     ; 1.232      ;
; -0.324 ; LPMROM:MyROM|altsyncram:altsyncram_component|altsyncram_6or3:auto_generated|ram_block1a0~porta_address_reg0 ; LPMROM:MyROM|altsyncram:altsyncram_component|altsyncram_6or3:auto_generated|q_a[1]                          ; clkin        ; clkin       ; 1.000        ; -0.047     ; 1.232      ;
; -0.324 ; LPMROM:MyROM|altsyncram:altsyncram_component|altsyncram_6or3:auto_generated|ram_block1a0~porta_address_reg0 ; LPMROM:MyROM|altsyncram:altsyncram_component|altsyncram_6or3:auto_generated|q_a[0]                          ; clkin        ; clkin       ; 1.000        ; -0.047     ; 1.232      ;
; -0.147 ; lpm_shiftreg:shift_FSK_reg|dffs[0]                                                                          ; lpm_ff:myFF|dffs[4]                                                                                         ; clkin        ; clkin       ; 1.000        ; -0.037     ; 1.097      ;
; -0.093 ; lpm_shiftreg:shift_FSK_reg|dffs[0]                                                                          ; lpm_ff:myFF|dffs[3]                                                                                         ; clkin        ; clkin       ; 1.000        ; -0.037     ; 1.043      ;
; -0.079 ; lpm_shiftreg:shift_FSK_reg|dffs[0]                                                                          ; lpm_ff:myFF|dffs[2]                                                                                         ; clkin        ; clkin       ; 1.000        ; -0.037     ; 1.029      ;
; -0.025 ; lpm_shiftreg:shift_FSK_reg|dffs[0]                                                                          ; lpm_ff:myFF|dffs[1]                                                                                         ; clkin        ; clkin       ; 1.000        ; -0.037     ; 0.975      ;
; 0.035  ; lpm_ff:myFF|dffs[1]                                                                                         ; lpm_ff:myFF|dffs[4]                                                                                         ; clkin        ; clkin       ; 1.000        ; -0.037     ; 0.915      ;
; 0.095  ; lpm_ff:myFF|dffs[0]                                                                                         ; lpm_ff:myFF|dffs[4]                                                                                         ; clkin        ; clkin       ; 1.000        ; -0.037     ; 0.855      ;
; 0.099  ; lpm_ff:myFF|dffs[1]                                                                                         ; lpm_ff:myFF|dffs[3]                                                                                         ; clkin        ; clkin       ; 1.000        ; -0.037     ; 0.851      ;
; 0.103  ; lpm_ff:myFF|dffs[1]                                                                                         ; lpm_ff:myFF|dffs[2]                                                                                         ; clkin        ; clkin       ; 1.000        ; -0.037     ; 0.847      ;
; 0.118  ; lpm_ff:myFF|dffs[3]                                                                                         ; lpm_ff:myFF|dffs[4]                                                                                         ; clkin        ; clkin       ; 1.000        ; -0.037     ; 0.832      ;
; 0.125  ; lpm_ff:myFF|dffs[0]                                                                                         ; lpm_ff:myFF|dffs[3]                                                                                         ; clkin        ; clkin       ; 1.000        ; -0.037     ; 0.825      ;
; 0.162  ; lpm_ff:myFF|dffs[2]                                                                                         ; lpm_ff:myFF|dffs[4]                                                                                         ; clkin        ; clkin       ; 1.000        ; -0.037     ; 0.788      ;
; 0.163  ; lpm_ff:myFF|dffs[0]                                                                                         ; lpm_ff:myFF|dffs[2]                                                                                         ; clkin        ; clkin       ; 1.000        ; -0.037     ; 0.787      ;
; 0.192  ; lpm_ff:myFF|dffs[2]                                                                                         ; lpm_ff:myFF|dffs[3]                                                                                         ; clkin        ; clkin       ; 1.000        ; -0.037     ; 0.758      ;
; 0.193  ; lpm_ff:myFF|dffs[0]                                                                                         ; lpm_ff:myFF|dffs[1]                                                                                         ; clkin        ; clkin       ; 1.000        ; -0.037     ; 0.757      ;
; 0.208  ; lpm_shiftreg:shift_FSK_reg|dffs[0]                                                                          ; lpm_ff:myFF|dffs[0]                                                                                         ; clkin        ; clkin       ; 1.000        ; -0.037     ; 0.742      ;
; 0.226  ; lpm_ff:myFF|dffs[4]                                                                                         ; lpm_ff:myFF|dffs[4]                                                                                         ; clkin        ; clkin       ; 1.000        ; -0.037     ; 0.724      ;
; 0.359  ; lpm_shiftreg:shift_FSK_reg|dffs[2]                                                                          ; lpm_shiftreg:shift_FSK_reg|dffs[1]                                                                          ; clkin        ; clkin       ; 1.000        ; -0.037     ; 0.591      ;
; 0.362  ; lpm_shiftreg:shift_FSK_reg|dffs[6]                                                                          ; lpm_shiftreg:shift_FSK_reg|dffs[5]                                                                          ; clkin        ; clkin       ; 1.000        ; -0.037     ; 0.588      ;
; 0.382  ; lpm_shiftreg:shift_FSK_reg|dffs[0]                                                                          ; lpm_shiftreg:shift_FSK_reg|dffs[8]                                                                          ; clkin        ; clkin       ; 1.000        ; -0.037     ; 0.568      ;
; 0.388  ; lpm_ff:myFF|dffs[1]                                                                                         ; lpm_ff:myFF|dffs[1]                                                                                         ; clkin        ; clkin       ; 1.000        ; -0.037     ; 0.562      ;
; 0.399  ; lpm_ff:myFF|dffs[0]                                                                                         ; lpm_ff:myFF|dffs[0]                                                                                         ; clkin        ; clkin       ; 1.000        ; -0.037     ; 0.551      ;
; 0.402  ; lpm_ff:myFF|dffs[3]                                                                                         ; lpm_ff:myFF|dffs[3]                                                                                         ; clkin        ; clkin       ; 1.000        ; -0.037     ; 0.548      ;
; 0.408  ; lpm_ff:myFF|dffs[3]                                                                                         ; LPMROM:MyROM|altsyncram:altsyncram_component|altsyncram_6or3:auto_generated|ram_block1a0~porta_address_reg0 ; clkin        ; clkin       ; 1.000        ; 0.136      ; 0.737      ;
; 0.412  ; lpm_ff:myFF|dffs[2]                                                                                         ; lpm_ff:myFF|dffs[2]                                                                                         ; clkin        ; clkin       ; 1.000        ; -0.037     ; 0.538      ;
; 0.420  ; lpm_ff:myFF|dffs[1]                                                                                         ; LPMROM:MyROM|altsyncram:altsyncram_component|altsyncram_6or3:auto_generated|ram_block1a0~porta_address_reg0 ; clkin        ; clkin       ; 1.000        ; 0.136      ; 0.725      ;
; 0.435  ; lpm_shiftreg:shift_FSK_reg|dffs[1]                                                                          ; lpm_shiftreg:shift_FSK_reg|dffs[0]                                                                          ; clkin        ; clkin       ; 1.000        ; -0.037     ; 0.515      ;
; 0.435  ; lpm_shiftreg:shift_FSK_reg|dffs[5]                                                                          ; lpm_shiftreg:shift_FSK_reg|dffs[4]                                                                          ; clkin        ; clkin       ; 1.000        ; -0.037     ; 0.515      ;
; 0.450  ; lpm_ff:myFF|dffs[0]                                                                                         ; LPMROM:MyROM|altsyncram:altsyncram_component|altsyncram_6or3:auto_generated|ram_block1a0~porta_address_reg0 ; clkin        ; clkin       ; 1.000        ; 0.136      ; 0.695      ;
; 0.457  ; lpm_ff:myFF|dffs[2]                                                                                         ; LPMROM:MyROM|altsyncram:altsyncram_component|altsyncram_6or3:auto_generated|ram_block1a0~porta_address_reg0 ; clkin        ; clkin       ; 1.000        ; 0.136      ; 0.688      ;
; 0.476  ; lpm_ff:myFF|dffs[4]                                                                                         ; LPMROM:MyROM|altsyncram:altsyncram_component|altsyncram_6or3:auto_generated|ram_block1a0~porta_address_reg0 ; clkin        ; clkin       ; 1.000        ; 0.136      ; 0.669      ;
; 0.511  ; lpm_shiftreg:shift_FSK_reg|dffs[7]                                                                          ; lpm_shiftreg:shift_FSK_reg|dffs[6]                                                                          ; clkin        ; clkin       ; 1.000        ; -0.037     ; 0.439      ;
; 0.571  ; lpm_shiftreg:shift_FSK_reg|dffs[4]                                                                          ; lpm_shiftreg:shift_FSK_reg|dffs[8]                                                                          ; clkin        ; clkin       ; 1.000        ; -0.037     ; 0.379      ;
; 0.572  ; lpm_shiftreg:shift_FSK_reg|dffs[4]                                                                          ; lpm_shiftreg:shift_FSK_reg|dffs[3]                                                                          ; clkin        ; clkin       ; 1.000        ; -0.037     ; 0.378      ;
; 0.577  ; lpm_shiftreg:shift_FSK_reg|dffs[3]                                                                          ; lpm_shiftreg:shift_FSK_reg|dffs[2]                                                                          ; clkin        ; clkin       ; 1.000        ; -0.037     ; 0.373      ;
; 0.578  ; lpm_shiftreg:shift_FSK_reg|dffs[8]                                                                          ; lpm_shiftreg:shift_FSK_reg|dffs[7]                                                                          ; clkin        ; clkin       ; 1.000        ; -0.037     ; 0.372      ;
; 0.591  ; lpm_shiftreg:shift_FSK_reg|dffs[8]                                                                          ; lpm_shiftreg:shift_FSK_reg|dffs[8]                                                                          ; clkin        ; clkin       ; 1.000        ; -0.037     ; 0.359      ;
+--------+-------------------------------------------------------------------------------------------------------------+-------------------------------------------------------------------------------------------------------------+--------------+-------------+--------------+------------+------------+


+---------------------------------------------------------------------------------------------------------------------------------------------------------------------------------------------------------------------------------------------------------------------------------------------------------+
; Fast 1200mV 0C Model Hold: 'clkin'                                                                                                                                                                                                                                                                      ;
+-------+-------------------------------------------------------------------------------------------------------------+-------------------------------------------------------------------------------------------------------------+--------------+-------------+--------------+------------+------------+
; Slack ; From Node                                                                                                   ; To Node                                                                                                     ; Launch Clock ; Latch Clock ; Relationship ; Clock Skew ; Data Delay ;
+-------+-------------------------------------------------------------------------------------------------------------+-------------------------------------------------------------------------------------------------------------+--------------+-------------+--------------+------------+------------+
; 0.186 ; lpm_shiftreg:shift_FSK_reg|dffs[8]                                                                          ; lpm_shiftreg:shift_FSK_reg|dffs[8]                                                                          ; clkin        ; clkin       ; 0.000        ; 0.037      ; 0.307      ;
; 0.193 ; lpm_shiftreg:shift_FSK_reg|dffs[3]                                                                          ; lpm_shiftreg:shift_FSK_reg|dffs[2]                                                                          ; clkin        ; clkin       ; 0.000        ; 0.037      ; 0.314      ;
; 0.193 ; lpm_shiftreg:shift_FSK_reg|dffs[8]                                                                          ; lpm_shiftreg:shift_FSK_reg|dffs[7]                                                                          ; clkin        ; clkin       ; 0.000        ; 0.037      ; 0.314      ;
; 0.196 ; lpm_shiftreg:shift_FSK_reg|dffs[4]                                                                          ; lpm_shiftreg:shift_FSK_reg|dffs[8]                                                                          ; clkin        ; clkin       ; 0.000        ; 0.037      ; 0.317      ;
; 0.197 ; lpm_shiftreg:shift_FSK_reg|dffs[4]                                                                          ; lpm_shiftreg:shift_FSK_reg|dffs[3]                                                                          ; clkin        ; clkin       ; 0.000        ; 0.037      ; 0.318      ;
; 0.255 ; lpm_ff:myFF|dffs[4]                                                                                         ; LPMROM:MyROM|altsyncram:altsyncram_component|altsyncram_6or3:auto_generated|ram_block1a0~porta_address_reg0 ; clkin        ; clkin       ; 0.000        ; 0.218      ; 0.577      ;
; 0.259 ; lpm_ff:myFF|dffs[0]                                                                                         ; LPMROM:MyROM|altsyncram:altsyncram_component|altsyncram_6or3:auto_generated|ram_block1a0~porta_address_reg0 ; clkin        ; clkin       ; 0.000        ; 0.218      ; 0.581      ;
; 0.267 ; lpm_shiftreg:shift_FSK_reg|dffs[7]                                                                          ; lpm_shiftreg:shift_FSK_reg|dffs[6]                                                                          ; clkin        ; clkin       ; 0.000        ; 0.037      ; 0.388      ;
; 0.271 ; lpm_ff:myFF|dffs[2]                                                                                         ; LPMROM:MyROM|altsyncram:altsyncram_component|altsyncram_6or3:auto_generated|ram_block1a0~porta_address_reg0 ; clkin        ; clkin       ; 0.000        ; 0.218      ; 0.593      ;
; 0.289 ; lpm_ff:myFF|dffs[3]                                                                                         ; LPMROM:MyROM|altsyncram:altsyncram_component|altsyncram_6or3:auto_generated|ram_block1a0~porta_address_reg0 ; clkin        ; clkin       ; 0.000        ; 0.218      ; 0.611      ;
; 0.290 ; lpm_ff:myFF|dffs[1]                                                                                         ; LPMROM:MyROM|altsyncram:altsyncram_component|altsyncram_6or3:auto_generated|ram_block1a0~porta_address_reg0 ; clkin        ; clkin       ; 0.000        ; 0.218      ; 0.612      ;
; 0.305 ; lpm_ff:myFF|dffs[3]                                                                                         ; lpm_ff:myFF|dffs[3]                                                                                         ; clkin        ; clkin       ; 0.000        ; 0.037      ; 0.426      ;
; 0.305 ; lpm_ff:myFF|dffs[2]                                                                                         ; lpm_ff:myFF|dffs[2]                                                                                         ; clkin        ; clkin       ; 0.000        ; 0.037      ; 0.426      ;
; 0.310 ; lpm_ff:myFF|dffs[0]                                                                                         ; lpm_ff:myFF|dffs[0]                                                                                         ; clkin        ; clkin       ; 0.000        ; 0.037      ; 0.431      ;
; 0.314 ; lpm_shiftreg:shift_FSK_reg|dffs[0]                                                                          ; lpm_shiftreg:shift_FSK_reg|dffs[8]                                                                          ; clkin        ; clkin       ; 0.000        ; 0.037      ; 0.435      ;
; 0.317 ; lpm_ff:myFF|dffs[1]                                                                                         ; lpm_ff:myFF|dffs[1]                                                                                         ; clkin        ; clkin       ; 0.000        ; 0.037      ; 0.438      ;
; 0.335 ; lpm_shiftreg:shift_FSK_reg|dffs[1]                                                                          ; lpm_shiftreg:shift_FSK_reg|dffs[0]                                                                          ; clkin        ; clkin       ; 0.000        ; 0.037      ; 0.456      ;
; 0.335 ; lpm_shiftreg:shift_FSK_reg|dffs[5]                                                                          ; lpm_shiftreg:shift_FSK_reg|dffs[4]                                                                          ; clkin        ; clkin       ; 0.000        ; 0.037      ; 0.456      ;
; 0.402 ; lpm_shiftreg:shift_FSK_reg|dffs[6]                                                                          ; lpm_shiftreg:shift_FSK_reg|dffs[5]                                                                          ; clkin        ; clkin       ; 0.000        ; 0.037      ; 0.523      ;
; 0.406 ; lpm_shiftreg:shift_FSK_reg|dffs[2]                                                                          ; lpm_shiftreg:shift_FSK_reg|dffs[1]                                                                          ; clkin        ; clkin       ; 0.000        ; 0.037      ; 0.527      ;
; 0.453 ; lpm_ff:myFF|dffs[3]                                                                                         ; lpm_ff:myFF|dffs[4]                                                                                         ; clkin        ; clkin       ; 0.000        ; 0.037      ; 0.574      ;
; 0.457 ; lpm_ff:myFF|dffs[4]                                                                                         ; lpm_ff:myFF|dffs[4]                                                                                         ; clkin        ; clkin       ; 0.000        ; 0.037      ; 0.578      ;
; 0.463 ; lpm_ff:myFF|dffs[0]                                                                                         ; lpm_ff:myFF|dffs[1]                                                                                         ; clkin        ; clkin       ; 0.000        ; 0.037      ; 0.584      ;
; 0.464 ; lpm_ff:myFF|dffs[2]                                                                                         ; lpm_ff:myFF|dffs[3]                                                                                         ; clkin        ; clkin       ; 0.000        ; 0.037      ; 0.585      ;
; 0.465 ; lpm_ff:myFF|dffs[1]                                                                                         ; lpm_ff:myFF|dffs[2]                                                                                         ; clkin        ; clkin       ; 0.000        ; 0.037      ; 0.586      ;
; 0.466 ; lpm_ff:myFF|dffs[0]                                                                                         ; lpm_ff:myFF|dffs[2]                                                                                         ; clkin        ; clkin       ; 0.000        ; 0.037      ; 0.587      ;
; 0.467 ; lpm_ff:myFF|dffs[2]                                                                                         ; lpm_ff:myFF|dffs[4]                                                                                         ; clkin        ; clkin       ; 0.000        ; 0.037      ; 0.588      ;
; 0.469 ; lpm_shiftreg:shift_FSK_reg|dffs[0]                                                                          ; lpm_ff:myFF|dffs[2]                                                                                         ; clkin        ; clkin       ; 0.000        ; 0.037      ; 0.590      ;
; 0.471 ; lpm_shiftreg:shift_FSK_reg|dffs[0]                                                                          ; lpm_ff:myFF|dffs[1]                                                                                         ; clkin        ; clkin       ; 0.000        ; 0.037      ; 0.592      ;
; 0.472 ; lpm_shiftreg:shift_FSK_reg|dffs[0]                                                                          ; lpm_ff:myFF|dffs[0]                                                                                         ; clkin        ; clkin       ; 0.000        ; 0.037      ; 0.593      ;
; 0.473 ; lpm_shiftreg:shift_FSK_reg|dffs[0]                                                                          ; lpm_ff:myFF|dffs[3]                                                                                         ; clkin        ; clkin       ; 0.000        ; 0.037      ; 0.594      ;
; 0.475 ; lpm_shiftreg:shift_FSK_reg|dffs[0]                                                                          ; lpm_ff:myFF|dffs[4]                                                                                         ; clkin        ; clkin       ; 0.000        ; 0.037      ; 0.596      ;
; 0.528 ; lpm_ff:myFF|dffs[1]                                                                                         ; lpm_ff:myFF|dffs[3]                                                                                         ; clkin        ; clkin       ; 0.000        ; 0.037      ; 0.649      ;
; 0.529 ; lpm_ff:myFF|dffs[0]                                                                                         ; lpm_ff:myFF|dffs[3]                                                                                         ; clkin        ; clkin       ; 0.000        ; 0.037      ; 0.650      ;
; 0.531 ; lpm_ff:myFF|dffs[1]                                                                                         ; lpm_ff:myFF|dffs[4]                                                                                         ; clkin        ; clkin       ; 0.000        ; 0.037      ; 0.652      ;
; 0.532 ; lpm_ff:myFF|dffs[0]                                                                                         ; lpm_ff:myFF|dffs[4]                                                                                         ; clkin        ; clkin       ; 0.000        ; 0.037      ; 0.653      ;
; 1.049 ; LPMROM:MyROM|altsyncram:altsyncram_component|altsyncram_6or3:auto_generated|ram_block1a0~porta_address_reg0 ; LPMROM:MyROM|altsyncram:altsyncram_component|altsyncram_6or3:auto_generated|q_a[7]                          ; clkin        ; clkin       ; 0.000        ; 0.012      ; 1.151      ;
; 1.049 ; LPMROM:MyROM|altsyncram:altsyncram_component|altsyncram_6or3:auto_generated|ram_block1a0~porta_address_reg0 ; LPMROM:MyROM|altsyncram:altsyncram_component|altsyncram_6or3:auto_generated|q_a[6]                          ; clkin        ; clkin       ; 0.000        ; 0.012      ; 1.151      ;
; 1.049 ; LPMROM:MyROM|altsyncram:altsyncram_component|altsyncram_6or3:auto_generated|ram_block1a0~porta_address_reg0 ; LPMROM:MyROM|altsyncram:altsyncram_component|altsyncram_6or3:auto_generated|q_a[5]                          ; clkin        ; clkin       ; 0.000        ; 0.012      ; 1.151      ;
; 1.049 ; LPMROM:MyROM|altsyncram:altsyncram_component|altsyncram_6or3:auto_generated|ram_block1a0~porta_address_reg0 ; LPMROM:MyROM|altsyncram:altsyncram_component|altsyncram_6or3:auto_generated|q_a[4]                          ; clkin        ; clkin       ; 0.000        ; 0.012      ; 1.151      ;
; 1.049 ; LPMROM:MyROM|altsyncram:altsyncram_component|altsyncram_6or3:auto_generated|ram_block1a0~porta_address_reg0 ; LPMROM:MyROM|altsyncram:altsyncram_component|altsyncram_6or3:auto_generated|q_a[3]                          ; clkin        ; clkin       ; 0.000        ; 0.012      ; 1.151      ;
; 1.049 ; LPMROM:MyROM|altsyncram:altsyncram_component|altsyncram_6or3:auto_generated|ram_block1a0~porta_address_reg0 ; LPMROM:MyROM|altsyncram:altsyncram_component|altsyncram_6or3:auto_generated|q_a[2]                          ; clkin        ; clkin       ; 0.000        ; 0.012      ; 1.151      ;
; 1.049 ; LPMROM:MyROM|altsyncram:altsyncram_component|altsyncram_6or3:auto_generated|ram_block1a0~porta_address_reg0 ; LPMROM:MyROM|altsyncram:altsyncram_component|altsyncram_6or3:auto_generated|q_a[1]                          ; clkin        ; clkin       ; 0.000        ; 0.012      ; 1.151      ;
; 1.049 ; LPMROM:MyROM|altsyncram:altsyncram_component|altsyncram_6or3:auto_generated|ram_block1a0~porta_address_reg0 ; LPMROM:MyROM|altsyncram:altsyncram_component|altsyncram_6or3:auto_generated|q_a[0]                          ; clkin        ; clkin       ; 0.000        ; 0.012      ; 1.151      ;
+-------+-------------------------------------------------------------------------------------------------------------+-------------------------------------------------------------------------------------------------------------+--------------+-------------+--------------+------------+------------+


+----------------------------------------------------------------------------------------------------------------------------------------------------------------------------------------------+
; Fast 1200mV 0C Model Minimum Pulse Width: 'clkin'                                                                                                                                            ;
+--------+--------------+----------------+------------------+-------+------------+-------------------------------------------------------------------------------------------------------------+
; Slack  ; Actual Width ; Required Width ; Type             ; Clock ; Clock Edge ; Target                                                                                                      ;
+--------+--------------+----------------+------------------+-------+------------+-------------------------------------------------------------------------------------------------------------+
; -3.000 ; 1.000        ; 4.000          ; Port Rate        ; clkin ; Rise       ; clkin                                                                                                       ;
; -1.000 ; 1.000        ; 2.000          ; Min Period       ; clkin ; Rise       ; LPMROM:MyROM|altsyncram:altsyncram_component|altsyncram_6or3:auto_generated|q_a[0]                          ;
; -1.000 ; 1.000        ; 2.000          ; Min Period       ; clkin ; Rise       ; LPMROM:MyROM|altsyncram:altsyncram_component|altsyncram_6or3:auto_generated|q_a[1]                          ;
; -1.000 ; 1.000        ; 2.000          ; Min Period       ; clkin ; Rise       ; LPMROM:MyROM|altsyncram:altsyncram_component|altsyncram_6or3:auto_generated|q_a[2]                          ;
; -1.000 ; 1.000        ; 2.000          ; Min Period       ; clkin ; Rise       ; LPMROM:MyROM|altsyncram:altsyncram_component|altsyncram_6or3:auto_generated|q_a[3]                          ;
; -1.000 ; 1.000        ; 2.000          ; Min Period       ; clkin ; Rise       ; LPMROM:MyROM|altsyncram:altsyncram_component|altsyncram_6or3:auto_generated|q_a[4]                          ;
; -1.000 ; 1.000        ; 2.000          ; Min Period       ; clkin ; Rise       ; LPMROM:MyROM|altsyncram:altsyncram_component|altsyncram_6or3:auto_generated|q_a[5]                          ;
; -1.000 ; 1.000        ; 2.000          ; Min Period       ; clkin ; Rise       ; LPMROM:MyROM|altsyncram:altsyncram_component|altsyncram_6or3:auto_generated|q_a[6]                          ;
; -1.000 ; 1.000        ; 2.000          ; Min Period       ; clkin ; Rise       ; LPMROM:MyROM|altsyncram:altsyncram_component|altsyncram_6or3:auto_generated|q_a[7]                          ;
; -1.000 ; 1.000        ; 2.000          ; Min Period       ; clkin ; Rise       ; LPMROM:MyROM|altsyncram:altsyncram_component|altsyncram_6or3:auto_generated|ram_block1a0~porta_address_reg0 ;
; -1.000 ; 1.000        ; 2.000          ; Min Period       ; clkin ; Rise       ; lpm_ff:myFF|dffs[0]                                                                                         ;
; -1.000 ; 1.000        ; 2.000          ; Min Period       ; clkin ; Rise       ; lpm_ff:myFF|dffs[1]                                                                                         ;
; -1.000 ; 1.000        ; 2.000          ; Min Period       ; clkin ; Rise       ; lpm_ff:myFF|dffs[2]                                                                                         ;
; -1.000 ; 1.000        ; 2.000          ; Min Period       ; clkin ; Rise       ; lpm_ff:myFF|dffs[3]                                                                                         ;
; -1.000 ; 1.000        ; 2.000          ; Min Period       ; clkin ; Rise       ; lpm_ff:myFF|dffs[4]                                                                                         ;
; -1.000 ; 1.000        ; 2.000          ; Min Period       ; clkin ; Rise       ; lpm_shiftreg:shift_FSK_reg|dffs[0]                                                                          ;
; -1.000 ; 1.000        ; 2.000          ; Min Period       ; clkin ; Rise       ; lpm_shiftreg:shift_FSK_reg|dffs[1]                                                                          ;
; -1.000 ; 1.000        ; 2.000          ; Min Period       ; clkin ; Rise       ; lpm_shiftreg:shift_FSK_reg|dffs[2]                                                                          ;
; -1.000 ; 1.000        ; 2.000          ; Min Period       ; clkin ; Rise       ; lpm_shiftreg:shift_FSK_reg|dffs[3]                                                                          ;
; -1.000 ; 1.000        ; 2.000          ; Min Period       ; clkin ; Rise       ; lpm_shiftreg:shift_FSK_reg|dffs[4]                                                                          ;
; -1.000 ; 1.000        ; 2.000          ; Min Period       ; clkin ; Rise       ; lpm_shiftreg:shift_FSK_reg|dffs[5]                                                                          ;
; -1.000 ; 1.000        ; 2.000          ; Min Period       ; clkin ; Rise       ; lpm_shiftreg:shift_FSK_reg|dffs[6]                                                                          ;
; -1.000 ; 1.000        ; 2.000          ; Min Period       ; clkin ; Rise       ; lpm_shiftreg:shift_FSK_reg|dffs[7]                                                                          ;
; -1.000 ; 1.000        ; 2.000          ; Min Period       ; clkin ; Rise       ; lpm_shiftreg:shift_FSK_reg|dffs[8]                                                                          ;
; -0.123 ; 0.107        ; 0.230          ; Low Pulse Width  ; clkin ; Rise       ; LPMROM:MyROM|altsyncram:altsyncram_component|altsyncram_6or3:auto_generated|ram_block1a0~porta_address_reg0 ;
; -0.122 ; 0.108        ; 0.230          ; Low Pulse Width  ; clkin ; Rise       ; LPMROM:MyROM|altsyncram:altsyncram_component|altsyncram_6or3:auto_generated|q_a[0]                          ;
; -0.122 ; 0.108        ; 0.230          ; Low Pulse Width  ; clkin ; Rise       ; LPMROM:MyROM|altsyncram:altsyncram_component|altsyncram_6or3:auto_generated|q_a[1]                          ;
; -0.122 ; 0.108        ; 0.230          ; Low Pulse Width  ; clkin ; Rise       ; LPMROM:MyROM|altsyncram:altsyncram_component|altsyncram_6or3:auto_generated|q_a[2]                          ;
; -0.122 ; 0.108        ; 0.230          ; Low Pulse Width  ; clkin ; Rise       ; LPMROM:MyROM|altsyncram:altsyncram_component|altsyncram_6or3:auto_generated|q_a[3]                          ;
; -0.122 ; 0.108        ; 0.230          ; Low Pulse Width  ; clkin ; Rise       ; LPMROM:MyROM|altsyncram:altsyncram_component|altsyncram_6or3:auto_generated|q_a[4]                          ;
; -0.122 ; 0.108        ; 0.230          ; Low Pulse Width  ; clkin ; Rise       ; LPMROM:MyROM|altsyncram:altsyncram_component|altsyncram_6or3:auto_generated|q_a[5]                          ;
; -0.122 ; 0.108        ; 0.230          ; Low Pulse Width  ; clkin ; Rise       ; LPMROM:MyROM|altsyncram:altsyncram_component|altsyncram_6or3:auto_generated|q_a[6]                          ;
; -0.122 ; 0.108        ; 0.230          ; Low Pulse Width  ; clkin ; Rise       ; LPMROM:MyROM|altsyncram:altsyncram_component|altsyncram_6or3:auto_generated|q_a[7]                          ;
; -0.060 ; 0.124        ; 0.184          ; Low Pulse Width  ; clkin ; Rise       ; lpm_ff:myFF|dffs[0]                                                                                         ;
; -0.060 ; 0.124        ; 0.184          ; Low Pulse Width  ; clkin ; Rise       ; lpm_ff:myFF|dffs[1]                                                                                         ;
; -0.060 ; 0.124        ; 0.184          ; Low Pulse Width  ; clkin ; Rise       ; lpm_ff:myFF|dffs[2]                                                                                         ;
; -0.060 ; 0.124        ; 0.184          ; Low Pulse Width  ; clkin ; Rise       ; lpm_ff:myFF|dffs[3]                                                                                         ;
; -0.060 ; 0.124        ; 0.184          ; Low Pulse Width  ; clkin ; Rise       ; lpm_ff:myFF|dffs[4]                                                                                         ;
; -0.060 ; 0.124        ; 0.184          ; Low Pulse Width  ; clkin ; Rise       ; lpm_shiftreg:shift_FSK_reg|dffs[0]                                                                          ;
; -0.060 ; 0.124        ; 0.184          ; Low Pulse Width  ; clkin ; Rise       ; lpm_shiftreg:shift_FSK_reg|dffs[1]                                                                          ;
; -0.060 ; 0.124        ; 0.184          ; Low Pulse Width  ; clkin ; Rise       ; lpm_shiftreg:shift_FSK_reg|dffs[2]                                                                          ;
; -0.060 ; 0.124        ; 0.184          ; Low Pulse Width  ; clkin ; Rise       ; lpm_shiftreg:shift_FSK_reg|dffs[3]                                                                          ;
; -0.060 ; 0.124        ; 0.184          ; Low Pulse Width  ; clkin ; Rise       ; lpm_shiftreg:shift_FSK_reg|dffs[4]                                                                          ;
; -0.060 ; 0.124        ; 0.184          ; Low Pulse Width  ; clkin ; Rise       ; lpm_shiftreg:shift_FSK_reg|dffs[5]                                                                          ;
; -0.060 ; 0.124        ; 0.184          ; Low Pulse Width  ; clkin ; Rise       ; lpm_shiftreg:shift_FSK_reg|dffs[6]                                                                          ;
; -0.060 ; 0.124        ; 0.184          ; Low Pulse Width  ; clkin ; Rise       ; lpm_shiftreg:shift_FSK_reg|dffs[7]                                                                          ;
; -0.060 ; 0.124        ; 0.184          ; Low Pulse Width  ; clkin ; Rise       ; lpm_shiftreg:shift_FSK_reg|dffs[8]                                                                          ;
; 0.120  ; 0.120        ; 0.000          ; Low Pulse Width  ; clkin ; Rise       ; MyROM|altsyncram_component|auto_generated|ram_block1a0|clk0                                                 ;
; 0.120  ; 0.120        ; 0.000          ; Low Pulse Width  ; clkin ; Rise       ; myFF|dffs[0]|clk                                                                                            ;
; 0.120  ; 0.120        ; 0.000          ; Low Pulse Width  ; clkin ; Rise       ; myFF|dffs[1]|clk                                                                                            ;
; 0.120  ; 0.120        ; 0.000          ; Low Pulse Width  ; clkin ; Rise       ; myFF|dffs[2]|clk                                                                                            ;
; 0.120  ; 0.120        ; 0.000          ; Low Pulse Width  ; clkin ; Rise       ; myFF|dffs[3]|clk                                                                                            ;
; 0.120  ; 0.120        ; 0.000          ; Low Pulse Width  ; clkin ; Rise       ; myFF|dffs[4]|clk                                                                                            ;
; 0.120  ; 0.120        ; 0.000          ; Low Pulse Width  ; clkin ; Rise       ; shift_FSK_reg|dffs[0]|clk                                                                                   ;
; 0.120  ; 0.120        ; 0.000          ; Low Pulse Width  ; clkin ; Rise       ; shift_FSK_reg|dffs[1]|clk                                                                                   ;
; 0.120  ; 0.120        ; 0.000          ; Low Pulse Width  ; clkin ; Rise       ; shift_FSK_reg|dffs[2]|clk                                                                                   ;
; 0.120  ; 0.120        ; 0.000          ; Low Pulse Width  ; clkin ; Rise       ; shift_FSK_reg|dffs[3]|clk                                                                                   ;
; 0.120  ; 0.120        ; 0.000          ; Low Pulse Width  ; clkin ; Rise       ; shift_FSK_reg|dffs[4]|clk                                                                                   ;
; 0.120  ; 0.120        ; 0.000          ; Low Pulse Width  ; clkin ; Rise       ; shift_FSK_reg|dffs[5]|clk                                                                                   ;
; 0.120  ; 0.120        ; 0.000          ; Low Pulse Width  ; clkin ; Rise       ; shift_FSK_reg|dffs[6]|clk                                                                                   ;
; 0.120  ; 0.120        ; 0.000          ; Low Pulse Width  ; clkin ; Rise       ; shift_FSK_reg|dffs[7]|clk                                                                                   ;
; 0.120  ; 0.120        ; 0.000          ; Low Pulse Width  ; clkin ; Rise       ; shift_FSK_reg|dffs[8]|clk                                                                                   ;
; 0.123  ; 0.123        ; 0.000          ; Low Pulse Width  ; clkin ; Rise       ; clkin~input|o                                                                                               ;
; 0.142  ; 0.142        ; 0.000          ; Low Pulse Width  ; clkin ; Rise       ; clkin~inputclkctrl|inclk[0]                                                                                 ;
; 0.142  ; 0.142        ; 0.000          ; Low Pulse Width  ; clkin ; Rise       ; clkin~inputclkctrl|outclk                                                                                   ;
; 0.500  ; 0.500        ; 0.000          ; High Pulse Width ; clkin ; Rise       ; clkin~input|i                                                                                               ;
; 0.500  ; 0.500        ; 0.000          ; Low Pulse Width  ; clkin ; Rise       ; clkin~input|i                                                                                               ;
; 0.658  ; 0.888        ; 0.230          ; High Pulse Width ; clkin ; Rise       ; LPMROM:MyROM|altsyncram:altsyncram_component|altsyncram_6or3:auto_generated|q_a[0]                          ;
; 0.658  ; 0.888        ; 0.230          ; High Pulse Width ; clkin ; Rise       ; LPMROM:MyROM|altsyncram:altsyncram_component|altsyncram_6or3:auto_generated|q_a[1]                          ;
; 0.658  ; 0.888        ; 0.230          ; High Pulse Width ; clkin ; Rise       ; LPMROM:MyROM|altsyncram:altsyncram_component|altsyncram_6or3:auto_generated|q_a[2]                          ;
; 0.658  ; 0.888        ; 0.230          ; High Pulse Width ; clkin ; Rise       ; LPMROM:MyROM|altsyncram:altsyncram_component|altsyncram_6or3:auto_generated|q_a[3]                          ;
; 0.658  ; 0.888        ; 0.230          ; High Pulse Width ; clkin ; Rise       ; LPMROM:MyROM|altsyncram:altsyncram_component|altsyncram_6or3:auto_generated|q_a[4]                          ;
; 0.658  ; 0.888        ; 0.230          ; High Pulse Width ; clkin ; Rise       ; LPMROM:MyROM|altsyncram:altsyncram_component|altsyncram_6or3:auto_generated|q_a[5]                          ;
; 0.658  ; 0.888        ; 0.230          ; High Pulse Width ; clkin ; Rise       ; LPMROM:MyROM|altsyncram:altsyncram_component|altsyncram_6or3:auto_generated|q_a[6]                          ;
; 0.658  ; 0.888        ; 0.230          ; High Pulse Width ; clkin ; Rise       ; LPMROM:MyROM|altsyncram:altsyncram_component|altsyncram_6or3:auto_generated|q_a[7]                          ;
; 0.658  ; 0.874        ; 0.216          ; High Pulse Width ; clkin ; Rise       ; lpm_ff:myFF|dffs[0]                                                                                         ;
; 0.658  ; 0.874        ; 0.216          ; High Pulse Width ; clkin ; Rise       ; lpm_ff:myFF|dffs[1]                                                                                         ;
; 0.658  ; 0.874        ; 0.216          ; High Pulse Width ; clkin ; Rise       ; lpm_ff:myFF|dffs[2]                                                                                         ;
; 0.658  ; 0.874        ; 0.216          ; High Pulse Width ; clkin ; Rise       ; lpm_ff:myFF|dffs[3]                                                                                         ;
; 0.658  ; 0.874        ; 0.216          ; High Pulse Width ; clkin ; Rise       ; lpm_ff:myFF|dffs[4]                                                                                         ;
; 0.658  ; 0.874        ; 0.216          ; High Pulse Width ; clkin ; Rise       ; lpm_shiftreg:shift_FSK_reg|dffs[0]                                                                          ;
; 0.658  ; 0.874        ; 0.216          ; High Pulse Width ; clkin ; Rise       ; lpm_shiftreg:shift_FSK_reg|dffs[1]                                                                          ;
; 0.658  ; 0.874        ; 0.216          ; High Pulse Width ; clkin ; Rise       ; lpm_shiftreg:shift_FSK_reg|dffs[2]                                                                          ;
; 0.658  ; 0.874        ; 0.216          ; High Pulse Width ; clkin ; Rise       ; lpm_shiftreg:shift_FSK_reg|dffs[3]                                                                          ;
; 0.658  ; 0.874        ; 0.216          ; High Pulse Width ; clkin ; Rise       ; lpm_shiftreg:shift_FSK_reg|dffs[4]                                                                          ;
; 0.658  ; 0.874        ; 0.216          ; High Pulse Width ; clkin ; Rise       ; lpm_shiftreg:shift_FSK_reg|dffs[5]                                                                          ;
; 0.658  ; 0.874        ; 0.216          ; High Pulse Width ; clkin ; Rise       ; lpm_shiftreg:shift_FSK_reg|dffs[6]                                                                          ;
; 0.658  ; 0.874        ; 0.216          ; High Pulse Width ; clkin ; Rise       ; lpm_shiftreg:shift_FSK_reg|dffs[7]                                                                          ;
; 0.658  ; 0.874        ; 0.216          ; High Pulse Width ; clkin ; Rise       ; lpm_shiftreg:shift_FSK_reg|dffs[8]                                                                          ;
; 0.660  ; 0.890        ; 0.230          ; High Pulse Width ; clkin ; Rise       ; LPMROM:MyROM|altsyncram:altsyncram_component|altsyncram_6or3:auto_generated|ram_block1a0~porta_address_reg0 ;
; 0.858  ; 0.858        ; 0.000          ; High Pulse Width ; clkin ; Rise       ; clkin~inputclkctrl|inclk[0]                                                                                 ;
; 0.858  ; 0.858        ; 0.000          ; High Pulse Width ; clkin ; Rise       ; clkin~inputclkctrl|outclk                                                                                   ;
; 0.877  ; 0.877        ; 0.000          ; High Pulse Width ; clkin ; Rise       ; clkin~input|o                                                                                               ;
; 0.879  ; 0.879        ; 0.000          ; High Pulse Width ; clkin ; Rise       ; MyROM|altsyncram_component|auto_generated|ram_block1a0|clk0                                                 ;
; 0.880  ; 0.880        ; 0.000          ; High Pulse Width ; clkin ; Rise       ; myFF|dffs[0]|clk                                                                                            ;
; 0.880  ; 0.880        ; 0.000          ; High Pulse Width ; clkin ; Rise       ; myFF|dffs[1]|clk                                                                                            ;
; 0.880  ; 0.880        ; 0.000          ; High Pulse Width ; clkin ; Rise       ; myFF|dffs[2]|clk                                                                                            ;
; 0.880  ; 0.880        ; 0.000          ; High Pulse Width ; clkin ; Rise       ; myFF|dffs[3]|clk                                                                                            ;
; 0.880  ; 0.880        ; 0.000          ; High Pulse Width ; clkin ; Rise       ; myFF|dffs[4]|clk                                                                                            ;
; 0.880  ; 0.880        ; 0.000          ; High Pulse Width ; clkin ; Rise       ; shift_FSK_reg|dffs[0]|clk                                                                                   ;
+--------+--------------+----------------+------------------+-------+------------+-------------------------------------------------------------------------------------------------------------+


+-----------------------------------------------------------------------------+
; Setup Times                                                                 ;
+-----------------+------------+-------+-------+------------+-----------------+
; Data Port       ; Clock Port ; Rise  ; Fall  ; Clock Edge ; Clock Reference ;
+-----------------+------------+-------+-------+------------+-----------------+
; data_port_A[*]  ; clkin      ; 1.629 ; 2.274 ; Rise       ; clkin           ;
;  data_port_A[0] ; clkin      ; 1.629 ; 2.220 ; Rise       ; clkin           ;
;  data_port_A[1] ; clkin      ; 1.563 ; 2.274 ; Rise       ; clkin           ;
;  data_port_A[2] ; clkin      ; 1.582 ; 2.163 ; Rise       ; clkin           ;
;  data_port_A[3] ; clkin      ; 1.470 ; 2.186 ; Rise       ; clkin           ;
;  data_port_A[4] ; clkin      ; 0.889 ; 1.439 ; Rise       ; clkin           ;
; data_port_B[*]  ; clkin      ; 1.656 ; 2.304 ; Rise       ; clkin           ;
;  data_port_B[0] ; clkin      ; 1.656 ; 2.247 ; Rise       ; clkin           ;
;  data_port_B[1] ; clkin      ; 1.586 ; 2.304 ; Rise       ; clkin           ;
;  data_port_B[2] ; clkin      ; 1.538 ; 2.111 ; Rise       ; clkin           ;
;  data_port_B[3] ; clkin      ; 1.432 ; 2.133 ; Rise       ; clkin           ;
;  data_port_B[4] ; clkin      ; 1.171 ; 1.751 ; Rise       ; clkin           ;
+-----------------+------------+-------+-------+------------+-----------------+


+-------------------------------------------------------------------------------+
; Hold Times                                                                    ;
+-----------------+------------+--------+--------+------------+-----------------+
; Data Port       ; Clock Port ; Rise   ; Fall   ; Clock Edge ; Clock Reference ;
+-----------------+------------+--------+--------+------------+-----------------+
; data_port_A[*]  ; clkin      ; -0.678 ; -1.226 ; Rise       ; clkin           ;
;  data_port_A[0] ; clkin      ; -1.028 ; -1.619 ; Rise       ; clkin           ;
;  data_port_A[1] ; clkin      ; -1.039 ; -1.633 ; Rise       ; clkin           ;
;  data_port_A[2] ; clkin      ; -1.043 ; -1.631 ; Rise       ; clkin           ;
;  data_port_A[3] ; clkin      ; -1.017 ; -1.609 ; Rise       ; clkin           ;
;  data_port_A[4] ; clkin      ; -0.678 ; -1.226 ; Rise       ; clkin           ;
; data_port_B[*]  ; clkin      ; -0.923 ; -1.490 ; Rise       ; clkin           ;
;  data_port_B[0] ; clkin      ; -1.047 ; -1.641 ; Rise       ; clkin           ;
;  data_port_B[1] ; clkin      ; -1.057 ; -1.649 ; Rise       ; clkin           ;
;  data_port_B[2] ; clkin      ; -1.006 ; -1.600 ; Rise       ; clkin           ;
;  data_port_B[3] ; clkin      ; -0.989 ; -1.573 ; Rise       ; clkin           ;
;  data_port_B[4] ; clkin      ; -0.923 ; -1.490 ; Rise       ; clkin           ;
+-----------------+------------+--------+--------+------------+-----------------+


+-------------------------------------------------------------------------+
; Clock to Output Times                                                   ;
+-------------+------------+-------+-------+------------+-----------------+
; Data Port   ; Clock Port ; Rise  ; Fall  ; Clock Edge ; Clock Reference ;
+-------------+------------+-------+-------+------------+-----------------+
; FSK_OUT[*]  ; clkin      ; 3.434 ; 3.530 ; Rise       ; clkin           ;
;  FSK_OUT[0] ; clkin      ; 3.434 ; 3.530 ; Rise       ; clkin           ;
;  FSK_OUT[1] ; clkin      ; 3.311 ; 3.378 ; Rise       ; clkin           ;
;  FSK_OUT[2] ; clkin      ; 3.270 ; 3.331 ; Rise       ; clkin           ;
;  FSK_OUT[3] ; clkin      ; 3.251 ; 3.315 ; Rise       ; clkin           ;
;  FSK_OUT[4] ; clkin      ; 3.150 ; 3.207 ; Rise       ; clkin           ;
;  FSK_OUT[5] ; clkin      ; 3.289 ; 3.353 ; Rise       ; clkin           ;
;  FSK_OUT[6] ; clkin      ; 3.297 ; 3.368 ; Rise       ; clkin           ;
;  FSK_OUT[7] ; clkin      ; 3.388 ; 3.454 ; Rise       ; clkin           ;
; LUT_OUT[*]  ; clkin      ; 4.189 ; 4.311 ; Rise       ; clkin           ;
;  LUT_OUT[0] ; clkin      ; 3.434 ; 3.530 ; Rise       ; clkin           ;
;  LUT_OUT[1] ; clkin      ; 4.189 ; 4.311 ; Rise       ; clkin           ;
;  LUT_OUT[2] ; clkin      ; 3.250 ; 3.311 ; Rise       ; clkin           ;
;  LUT_OUT[3] ; clkin      ; 3.251 ; 3.315 ; Rise       ; clkin           ;
;  LUT_OUT[4] ; clkin      ; 3.150 ; 3.207 ; Rise       ; clkin           ;
;  LUT_OUT[5] ; clkin      ; 3.289 ; 3.353 ; Rise       ; clkin           ;
;  LUT_OUT[6] ; clkin      ; 3.307 ; 3.378 ; Rise       ; clkin           ;
;  LUT_OUT[7] ; clkin      ; 3.358 ; 3.424 ; Rise       ; clkin           ;
; PA_out[*]   ; clkin      ; 3.046 ; 3.127 ; Rise       ; clkin           ;
;  PA_out[0]  ; clkin      ; 3.037 ; 3.112 ; Rise       ; clkin           ;
;  PA_out[1]  ; clkin      ; 2.777 ; 2.822 ; Rise       ; clkin           ;
;  PA_out[2]  ; clkin      ; 2.936 ; 3.003 ; Rise       ; clkin           ;
;  PA_out[3]  ; clkin      ; 3.046 ; 3.127 ; Rise       ; clkin           ;
;  PA_out[4]  ; clkin      ; 2.821 ; 2.894 ; Rise       ; clkin           ;
+-------------+------------+-------+-------+------------+-----------------+


+-------------------------------------------------------------------------+
; Minimum Clock to Output Times                                           ;
+-------------+------------+-------+-------+------------+-----------------+
; Data Port   ; Clock Port ; Rise  ; Fall  ; Clock Edge ; Clock Reference ;
+-------------+------------+-------+-------+------------+-----------------+
; FSK_OUT[*]  ; clkin      ; 3.084 ; 3.139 ; Rise       ; clkin           ;
;  FSK_OUT[0] ; clkin      ; 3.358 ; 3.451 ; Rise       ; clkin           ;
;  FSK_OUT[1] ; clkin      ; 3.239 ; 3.303 ; Rise       ; clkin           ;
;  FSK_OUT[2] ; clkin      ; 3.200 ; 3.259 ; Rise       ; clkin           ;
;  FSK_OUT[3] ; clkin      ; 3.180 ; 3.243 ; Rise       ; clkin           ;
;  FSK_OUT[4] ; clkin      ; 3.084 ; 3.139 ; Rise       ; clkin           ;
;  FSK_OUT[5] ; clkin      ; 3.217 ; 3.279 ; Rise       ; clkin           ;
;  FSK_OUT[6] ; clkin      ; 3.225 ; 3.293 ; Rise       ; clkin           ;
;  FSK_OUT[7] ; clkin      ; 3.313 ; 3.377 ; Rise       ; clkin           ;
; LUT_OUT[*]  ; clkin      ; 3.084 ; 3.139 ; Rise       ; clkin           ;
;  LUT_OUT[0] ; clkin      ; 3.358 ; 3.451 ; Rise       ; clkin           ;
;  LUT_OUT[1] ; clkin      ; 4.118 ; 4.237 ; Rise       ; clkin           ;
;  LUT_OUT[2] ; clkin      ; 3.180 ; 3.239 ; Rise       ; clkin           ;
;  LUT_OUT[3] ; clkin      ; 3.180 ; 3.243 ; Rise       ; clkin           ;
;  LUT_OUT[4] ; clkin      ; 3.084 ; 3.139 ; Rise       ; clkin           ;
;  LUT_OUT[5] ; clkin      ; 3.217 ; 3.279 ; Rise       ; clkin           ;
;  LUT_OUT[6] ; clkin      ; 3.235 ; 3.303 ; Rise       ; clkin           ;
;  LUT_OUT[7] ; clkin      ; 3.283 ; 3.347 ; Rise       ; clkin           ;
; PA_out[*]   ; clkin      ; 2.724 ; 2.767 ; Rise       ; clkin           ;
;  PA_out[0]  ; clkin      ; 2.974 ; 3.047 ; Rise       ; clkin           ;
;  PA_out[1]  ; clkin      ; 2.724 ; 2.767 ; Rise       ; clkin           ;
;  PA_out[2]  ; clkin      ; 2.877 ; 2.942 ; Rise       ; clkin           ;
;  PA_out[3]  ; clkin      ; 2.982 ; 3.061 ; Rise       ; clkin           ;
;  PA_out[4]  ; clkin      ; 2.769 ; 2.840 ; Rise       ; clkin           ;
+-------------+------------+-------+-------+------------+-----------------+


---------------------------------------------
; Fast 1200mV 0C Model Metastability Report ;
---------------------------------------------
No synchronizer chains to report.


+-------------------------------------------------------------------------------+
; Multicorner Timing Analysis Summary                                           ;
+------------------+---------+-------+----------+---------+---------------------+
; Clock            ; Setup   ; Hold  ; Recovery ; Removal ; Minimum Pulse Width ;
+------------------+---------+-------+----------+---------+---------------------+
; Worst-case Slack ; -1.756  ; 0.186 ; N/A      ; N/A     ; -3.000              ;
;  clkin           ; -1.756  ; 0.186 ; N/A      ; N/A     ; -3.000              ;
; Design-wide TNS  ; -18.769 ; 0.0   ; 0.0      ; 0.0     ; -36.566             ;
;  clkin           ; -18.769 ; 0.000 ; N/A      ; N/A     ; -36.566             ;
+------------------+---------+-------+----------+---------+---------------------+


+-----------------------------------------------------------------------------+
; Setup Times                                                                 ;
+-----------------+------------+-------+-------+------------+-----------------+
; Data Port       ; Clock Port ; Rise  ; Fall  ; Clock Edge ; Clock Reference ;
+-----------------+------------+-------+-------+------------+-----------------+
; data_port_A[*]  ; clkin      ; 2.934 ; 3.469 ; Rise       ; clkin           ;
;  data_port_A[0] ; clkin      ; 2.934 ; 3.358 ; Rise       ; clkin           ;
;  data_port_A[1] ; clkin      ; 2.794 ; 3.469 ; Rise       ; clkin           ;
;  data_port_A[2] ; clkin      ; 2.814 ; 3.238 ; Rise       ; clkin           ;
;  data_port_A[3] ; clkin      ; 2.638 ; 3.299 ; Rise       ; clkin           ;
;  data_port_A[4] ; clkin      ; 1.599 ; 2.010 ; Rise       ; clkin           ;
; data_port_B[*]  ; clkin      ; 2.981 ; 3.500 ; Rise       ; clkin           ;
;  data_port_B[0] ; clkin      ; 2.981 ; 3.414 ; Rise       ; clkin           ;
;  data_port_B[1] ; clkin      ; 2.841 ; 3.500 ; Rise       ; clkin           ;
;  data_port_B[2] ; clkin      ; 2.762 ; 3.188 ; Rise       ; clkin           ;
;  data_port_B[3] ; clkin      ; 2.544 ; 3.197 ; Rise       ; clkin           ;
;  data_port_B[4] ; clkin      ; 2.087 ; 2.518 ; Rise       ; clkin           ;
+-----------------+------------+-------+-------+------------+-----------------+


+-------------------------------------------------------------------------------+
; Hold Times                                                                    ;
+-----------------+------------+--------+--------+------------+-----------------+
; Data Port       ; Clock Port ; Rise   ; Fall   ; Clock Edge ; Clock Reference ;
+-----------------+------------+--------+--------+------------+-----------------+
; data_port_A[*]  ; clkin      ; -0.678 ; -1.226 ; Rise       ; clkin           ;
;  data_port_A[0] ; clkin      ; -1.028 ; -1.619 ; Rise       ; clkin           ;
;  data_port_A[1] ; clkin      ; -1.039 ; -1.633 ; Rise       ; clkin           ;
;  data_port_A[2] ; clkin      ; -1.043 ; -1.631 ; Rise       ; clkin           ;
;  data_port_A[3] ; clkin      ; -1.017 ; -1.609 ; Rise       ; clkin           ;
;  data_port_A[4] ; clkin      ; -0.678 ; -1.226 ; Rise       ; clkin           ;
; data_port_B[*]  ; clkin      ; -0.923 ; -1.490 ; Rise       ; clkin           ;
;  data_port_B[0] ; clkin      ; -1.047 ; -1.641 ; Rise       ; clkin           ;
;  data_port_B[1] ; clkin      ; -1.057 ; -1.649 ; Rise       ; clkin           ;
;  data_port_B[2] ; clkin      ; -1.006 ; -1.600 ; Rise       ; clkin           ;
;  data_port_B[3] ; clkin      ; -0.989 ; -1.573 ; Rise       ; clkin           ;
;  data_port_B[4] ; clkin      ; -0.923 ; -1.490 ; Rise       ; clkin           ;
+-----------------+------------+--------+--------+------------+-----------------+


+-------------------------------------------------------------------------+
; Clock to Output Times                                                   ;
+-------------+------------+-------+-------+------------+-----------------+
; Data Port   ; Clock Port ; Rise  ; Fall  ; Clock Edge ; Clock Reference ;
+-------------+------------+-------+-------+------------+-----------------+
; FSK_OUT[*]  ; clkin      ; 5.811 ; 5.803 ; Rise       ; clkin           ;
;  FSK_OUT[0] ; clkin      ; 5.811 ; 5.803 ; Rise       ; clkin           ;
;  FSK_OUT[1] ; clkin      ; 5.570 ; 5.588 ; Rise       ; clkin           ;
;  FSK_OUT[2] ; clkin      ; 5.517 ; 5.481 ; Rise       ; clkin           ;
;  FSK_OUT[3] ; clkin      ; 5.502 ; 5.495 ; Rise       ; clkin           ;
;  FSK_OUT[4] ; clkin      ; 5.305 ; 5.290 ; Rise       ; clkin           ;
;  FSK_OUT[5] ; clkin      ; 5.552 ; 5.548 ; Rise       ; clkin           ;
;  FSK_OUT[6] ; clkin      ; 5.576 ; 5.548 ; Rise       ; clkin           ;
;  FSK_OUT[7] ; clkin      ; 5.723 ; 5.700 ; Rise       ; clkin           ;
; LUT_OUT[*]  ; clkin      ; 6.794 ; 6.873 ; Rise       ; clkin           ;
;  LUT_OUT[0] ; clkin      ; 5.811 ; 5.803 ; Rise       ; clkin           ;
;  LUT_OUT[1] ; clkin      ; 6.794 ; 6.873 ; Rise       ; clkin           ;
;  LUT_OUT[2] ; clkin      ; 5.497 ; 5.461 ; Rise       ; clkin           ;
;  LUT_OUT[3] ; clkin      ; 5.502 ; 5.495 ; Rise       ; clkin           ;
;  LUT_OUT[4] ; clkin      ; 5.305 ; 5.290 ; Rise       ; clkin           ;
;  LUT_OUT[5] ; clkin      ; 5.552 ; 5.548 ; Rise       ; clkin           ;
;  LUT_OUT[6] ; clkin      ; 5.586 ; 5.558 ; Rise       ; clkin           ;
;  LUT_OUT[7] ; clkin      ; 5.693 ; 5.670 ; Rise       ; clkin           ;
; PA_out[*]   ; clkin      ; 5.186 ; 5.199 ; Rise       ; clkin           ;
;  PA_out[0]  ; clkin      ; 5.148 ; 5.147 ; Rise       ; clkin           ;
;  PA_out[1]  ; clkin      ; 4.678 ; 4.715 ; Rise       ; clkin           ;
;  PA_out[2]  ; clkin      ; 4.954 ; 5.002 ; Rise       ; clkin           ;
;  PA_out[3]  ; clkin      ; 5.186 ; 5.199 ; Rise       ; clkin           ;
;  PA_out[4]  ; clkin      ; 4.753 ; 4.789 ; Rise       ; clkin           ;
+-------------+------------+-------+-------+------------+-----------------+


+-------------------------------------------------------------------------+
; Minimum Clock to Output Times                                           ;
+-------------+------------+-------+-------+------------+-----------------+
; Data Port   ; Clock Port ; Rise  ; Fall  ; Clock Edge ; Clock Reference ;
+-------------+------------+-------+-------+------------+-----------------+
; FSK_OUT[*]  ; clkin      ; 3.084 ; 3.139 ; Rise       ; clkin           ;
;  FSK_OUT[0] ; clkin      ; 3.358 ; 3.451 ; Rise       ; clkin           ;
;  FSK_OUT[1] ; clkin      ; 3.239 ; 3.303 ; Rise       ; clkin           ;
;  FSK_OUT[2] ; clkin      ; 3.200 ; 3.259 ; Rise       ; clkin           ;
;  FSK_OUT[3] ; clkin      ; 3.180 ; 3.243 ; Rise       ; clkin           ;
;  FSK_OUT[4] ; clkin      ; 3.084 ; 3.139 ; Rise       ; clkin           ;
;  FSK_OUT[5] ; clkin      ; 3.217 ; 3.279 ; Rise       ; clkin           ;
;  FSK_OUT[6] ; clkin      ; 3.225 ; 3.293 ; Rise       ; clkin           ;
;  FSK_OUT[7] ; clkin      ; 3.313 ; 3.377 ; Rise       ; clkin           ;
; LUT_OUT[*]  ; clkin      ; 3.084 ; 3.139 ; Rise       ; clkin           ;
;  LUT_OUT[0] ; clkin      ; 3.358 ; 3.451 ; Rise       ; clkin           ;
;  LUT_OUT[1] ; clkin      ; 4.118 ; 4.237 ; Rise       ; clkin           ;
;  LUT_OUT[2] ; clkin      ; 3.180 ; 3.239 ; Rise       ; clkin           ;
;  LUT_OUT[3] ; clkin      ; 3.180 ; 3.243 ; Rise       ; clkin           ;
;  LUT_OUT[4] ; clkin      ; 3.084 ; 3.139 ; Rise       ; clkin           ;
;  LUT_OUT[5] ; clkin      ; 3.217 ; 3.279 ; Rise       ; clkin           ;
;  LUT_OUT[6] ; clkin      ; 3.235 ; 3.303 ; Rise       ; clkin           ;
;  LUT_OUT[7] ; clkin      ; 3.283 ; 3.347 ; Rise       ; clkin           ;
; PA_out[*]   ; clkin      ; 2.724 ; 2.767 ; Rise       ; clkin           ;
;  PA_out[0]  ; clkin      ; 2.974 ; 3.047 ; Rise       ; clkin           ;
;  PA_out[1]  ; clkin      ; 2.724 ; 2.767 ; Rise       ; clkin           ;
;  PA_out[2]  ; clkin      ; 2.877 ; 2.942 ; Rise       ; clkin           ;
;  PA_out[3]  ; clkin      ; 2.982 ; 3.061 ; Rise       ; clkin           ;
;  PA_out[4]  ; clkin      ; 2.769 ; 2.840 ; Rise       ; clkin           ;
+-------------+------------+-------+-------+------------+-----------------+


+------------------------------------------------------------------------------------------------------------------------------------------------------------------------------------------------------------------------------------------------------------------------------------------------------------------------------------------------------------------------------------------------------------------+
; Board Trace Model Assignments                                                                                                                                                                                                                                                                                                                                                                                    ;
+---------------+--------------+-------------------+-------------------------+-------------------------+---------------+---------------------+----------------+------------------+--------+------------------+------------------------+------------------------+--------------+---------------+-----------------+-------+---------------------+--------------------+---------------+-----------------+-------------+
; Pin           ; I/O Standard ; Near Tline Length ; Near Tline L per Length ; Near Tline C per Length ; Near Series R ; Near Differential R ; Near Pull-up R ; Near Pull-down R ; Near C ; Far Tline Length ; Far Tline L per Length ; Far Tline C per Length ; Far Series R ; Far Pull-up R ; Far Pull-down R ; Far C ; Termination Voltage ; Far Differential R ; EBD File Name ; EBD Signal Name ; EBD Far-end ;
+---------------+--------------+-------------------+-------------------------+-------------------------+---------------+---------------------+----------------+------------------+--------+------------------+------------------------+------------------------+--------------+---------------+-----------------+-------+---------------------+--------------------+---------------+-----------------+-------------+
; FSK_OUT[0]    ; 2.5 V        ; 0 in              ; 0 H/in                  ; 0 F/in                  ; short         ; -                   ; open           ; open             ; open   ; 0 in             ; 0 H/in                 ; 0 F/in                 ; short        ; open          ; open            ; open  ; 0 V                 ; -                  ; n/a           ; n/a             ; n/a         ;
; FSK_OUT[1]    ; 2.5 V        ; 0 in              ; 0 H/in                  ; 0 F/in                  ; short         ; -                   ; open           ; open             ; open   ; 0 in             ; 0 H/in                 ; 0 F/in                 ; short        ; open          ; open            ; open  ; 0 V                 ; -                  ; n/a           ; n/a             ; n/a         ;
; FSK_OUT[2]    ; 2.5 V        ; 0 in              ; 0 H/in                  ; 0 F/in                  ; short         ; -                   ; open           ; open             ; open   ; 0 in             ; 0 H/in                 ; 0 F/in                 ; short        ; open          ; open            ; open  ; 0 V                 ; -                  ; n/a           ; n/a             ; n/a         ;
; FSK_OUT[3]    ; 2.5 V        ; 0 in              ; 0 H/in                  ; 0 F/in                  ; short         ; -                   ; open           ; open             ; open   ; 0 in             ; 0 H/in                 ; 0 F/in                 ; short        ; open          ; open            ; open  ; 0 V                 ; -                  ; n/a           ; n/a             ; n/a         ;
; FSK_OUT[4]    ; 2.5 V        ; 0 in              ; 0 H/in                  ; 0 F/in                  ; short         ; -                   ; open           ; open             ; open   ; 0 in             ; 0 H/in                 ; 0 F/in                 ; short        ; open          ; open            ; open  ; 0 V                 ; -                  ; n/a           ; n/a             ; n/a         ;
; FSK_OUT[5]    ; 2.5 V        ; 0 in              ; 0 H/in                  ; 0 F/in                  ; short         ; -                   ; open           ; open             ; open   ; 0 in             ; 0 H/in                 ; 0 F/in                 ; short        ; open          ; open            ; open  ; 0 V                 ; -                  ; n/a           ; n/a             ; n/a         ;
; FSK_OUT[6]    ; 2.5 V        ; 0 in              ; 0 H/in                  ; 0 F/in                  ; short         ; -                   ; open           ; open             ; open   ; 0 in             ; 0 H/in                 ; 0 F/in                 ; short        ; open          ; open            ; open  ; 0 V                 ; -                  ; n/a           ; n/a             ; n/a         ;
; FSK_OUT[7]    ; 2.5 V        ; 0 in              ; 0 H/in                  ; 0 F/in                  ; short         ; -                   ; open           ; open             ; open   ; 0 in             ; 0 H/in                 ; 0 F/in                 ; short        ; open          ; open            ; open  ; 0 V                 ; -                  ; n/a           ; n/a             ; n/a         ;
; PA_out[0]     ; 2.5 V        ; 0 in              ; 0 H/in                  ; 0 F/in                  ; short         ; -                   ; open           ; open             ; open   ; 0 in             ; 0 H/in                 ; 0 F/in                 ; short        ; open          ; open            ; open  ; 0 V                 ; -                  ; n/a           ; n/a             ; n/a         ;
; PA_out[1]     ; 2.5 V        ; 0 in              ; 0 H/in                  ; 0 F/in                  ; short         ; -                   ; open           ; open             ; open   ; 0 in             ; 0 H/in                 ; 0 F/in                 ; short        ; open          ; open            ; open  ; 0 V                 ; -                  ; n/a           ; n/a             ; n/a         ;
; PA_out[2]     ; 2.5 V        ; 0 in              ; 0 H/in                  ; 0 F/in                  ; short         ; -                   ; open           ; open             ; open   ; 0 in             ; 0 H/in                 ; 0 F/in                 ; short        ; open          ; open            ; open  ; 0 V                 ; -                  ; n/a           ; n/a             ; n/a         ;
; PA_out[3]     ; 2.5 V        ; 0 in              ; 0 H/in                  ; 0 F/in                  ; short         ; -                   ; open           ; open             ; open   ; 0 in             ; 0 H/in                 ; 0 F/in                 ; short        ; open          ; open            ; open  ; 0 V                 ; -                  ; n/a           ; n/a             ; n/a         ;
; PA_out[4]     ; 2.5 V        ; 0 in              ; 0 H/in                  ; 0 F/in                  ; short         ; -                   ; open           ; open             ; open   ; 0 in             ; 0 H/in                 ; 0 F/in                 ; short        ; open          ; open            ; open  ; 0 V                 ; -                  ; n/a           ; n/a             ; n/a         ;
; LUT_OUT[0]    ; 2.5 V        ; 0 in              ; 0 H/in                  ; 0 F/in                  ; short         ; -                   ; open           ; open             ; open   ; 0 in             ; 0 H/in                 ; 0 F/in                 ; short        ; open          ; open            ; open  ; 0 V                 ; -                  ; n/a           ; n/a             ; n/a         ;
; LUT_OUT[1]    ; 2.5 V        ; 0 in              ; 0 H/in                  ; 0 F/in                  ; short         ; -                   ; open           ; open             ; open   ; 0 in             ; 0 H/in                 ; 0 F/in                 ; short        ; open          ; open            ; open  ; 0 V                 ; -                  ; n/a           ; n/a             ; n/a         ;
; LUT_OUT[2]    ; 2.5 V        ; 0 in              ; 0 H/in                  ; 0 F/in                  ; short         ; -                   ; open           ; open             ; open   ; 0 in             ; 0 H/in                 ; 0 F/in                 ; short        ; open          ; open            ; open  ; 0 V                 ; -                  ; n/a           ; n/a             ; n/a         ;
; LUT_OUT[3]    ; 2.5 V        ; 0 in              ; 0 H/in                  ; 0 F/in                  ; short         ; -                   ; open           ; open             ; open   ; 0 in             ; 0 H/in                 ; 0 F/in                 ; short        ; open          ; open            ; open  ; 0 V                 ; -                  ; n/a           ; n/a             ; n/a         ;
; LUT_OUT[4]    ; 2.5 V        ; 0 in              ; 0 H/in                  ; 0 F/in                  ; short         ; -                   ; open           ; open             ; open   ; 0 in             ; 0 H/in                 ; 0 F/in                 ; short        ; open          ; open            ; open  ; 0 V                 ; -                  ; n/a           ; n/a             ; n/a         ;
; LUT_OUT[5]    ; 2.5 V        ; 0 in              ; 0 H/in                  ; 0 F/in                  ; short         ; -                   ; open           ; open             ; open   ; 0 in             ; 0 H/in                 ; 0 F/in                 ; short        ; open          ; open            ; open  ; 0 V                 ; -                  ; n/a           ; n/a             ; n/a         ;
; LUT_OUT[6]    ; 2.5 V        ; 0 in              ; 0 H/in                  ; 0 F/in                  ; short         ; -                   ; open           ; open             ; open   ; 0 in             ; 0 H/in                 ; 0 F/in                 ; short        ; open          ; open            ; open  ; 0 V                 ; -                  ; n/a           ; n/a             ; n/a         ;
; LUT_OUT[7]    ; 2.5 V        ; 0 in              ; 0 H/in                  ; 0 F/in                  ; short         ; -                   ; open           ; open             ; open   ; 0 in             ; 0 H/in                 ; 0 F/in                 ; short        ; open          ; open            ; open  ; 0 V                 ; -                  ; n/a           ; n/a             ; n/a         ;
; ~ALTERA_DCLK~ ; 2.5 V        ; 0 in              ; 0 H/in                  ; 0 F/in                  ; short         ; -                   ; open           ; open             ; open   ; 0 in             ; 0 H/in                 ; 0 F/in                 ; short        ; open          ; open            ; open  ; 0 V                 ; -                  ; n/a           ; n/a             ; n/a         ;
; ~ALTERA_nCEO~ ; 2.5 V        ; 0 in              ; 0 H/in                  ; 0 F/in                  ; short         ; -                   ; open           ; open             ; open   ; 0 in             ; 0 H/in                 ; 0 F/in                 ; short        ; open          ; open            ; open  ; 0 V                 ; -                  ; n/a           ; n/a             ; n/a         ;
+---------------+--------------+-------------------+-------------------------+-------------------------+---------------+---------------------+----------------+------------------+--------+------------------+------------------------+------------------------+--------------+---------------+-----------------+-------+---------------------+--------------------+---------------+-----------------+-------------+


+----------------------------------------------------------------------------+
; Input Transition Times                                                     ;
+-------------------------+--------------+-----------------+-----------------+
; Pin                     ; I/O Standard ; 10-90 Rise Time ; 90-10 Fall Time ;
+-------------------------+--------------+-----------------+-----------------+
; clkin                   ; 2.5 V        ; 2000 ps         ; 2000 ps         ;
; data_port_A[0]          ; 2.5 V        ; 2000 ps         ; 2000 ps         ;
; data_port_B[0]          ; 2.5 V        ; 2000 ps         ; 2000 ps         ;
; data_port_A[1]          ; 2.5 V        ; 2000 ps         ; 2000 ps         ;
; data_port_B[1]          ; 2.5 V        ; 2000 ps         ; 2000 ps         ;
; data_port_A[2]          ; 2.5 V        ; 2000 ps         ; 2000 ps         ;
; data_port_B[2]          ; 2.5 V        ; 2000 ps         ; 2000 ps         ;
; data_port_A[3]          ; 2.5 V        ; 2000 ps         ; 2000 ps         ;
; data_port_B[3]          ; 2.5 V        ; 2000 ps         ; 2000 ps         ;
; data_port_A[4]          ; 2.5 V        ; 2000 ps         ; 2000 ps         ;
; data_port_B[4]          ; 2.5 V        ; 2000 ps         ; 2000 ps         ;
; ~ALTERA_ASDO_DATA1~     ; 2.5 V        ; 2000 ps         ; 2000 ps         ;
; ~ALTERA_FLASH_nCE_nCSO~ ; 2.5 V        ; 2000 ps         ; 2000 ps         ;
; ~ALTERA_DATA0~          ; 2.5 V        ; 2000 ps         ; 2000 ps         ;
+-------------------------+--------------+-----------------+-----------------+


+--------------------------------------------------------------------------------------------------------------------------------------------------------------------------------------------------------------------------------------------------------------------------------------------------------------------------------------------------------------------------------------------------------------------------------------------------------------------------------------------------------------------------------------------------------------------------------------------------------------------------------------------------------------------------------------------+
; Slow Corner Signal Integrity Metrics                                                                                                                                                                                                                                                                                                                                                                                                                                                                                                                                                                                                                                                       ;
+---------------+--------------+---------------------+---------------------+------------------------------+------------------------------+---------------------+---------------------+--------------------------------------+--------------------------------------+-----------------------------+-----------------------------+----------------------------+----------------------------+-----------------------------+-----------------------------+--------------------+--------------------+-------------------------------------+-------------------------------------+----------------------------+----------------------------+---------------------------+---------------------------+
; Pin           ; I/O Standard ; Board Delay on Rise ; Board Delay on Fall ; Steady State Voh at FPGA Pin ; Steady State Vol at FPGA Pin ; Voh Max at FPGA Pin ; Vol Min at FPGA Pin ; Ringback Voltage on Rise at FPGA Pin ; Ringback Voltage on Fall at FPGA Pin ; 10-90 Rise Time at FPGA Pin ; 90-10 Fall Time at FPGA Pin ; Monotonic Rise at FPGA Pin ; Monotonic Fall at FPGA Pin ; Steady State Voh at Far-end ; Steady State Vol at Far-end ; Voh Max at Far-end ; Vol Min at Far-end ; Ringback Voltage on Rise at Far-end ; Ringback Voltage on Fall at Far-end ; 10-90 Rise Time at Far-end ; 90-10 Fall Time at Far-end ; Monotonic Rise at Far-end ; Monotonic Fall at Far-end ;
+---------------+--------------+---------------------+---------------------+------------------------------+------------------------------+---------------------+---------------------+--------------------------------------+--------------------------------------+-----------------------------+-----------------------------+----------------------------+----------------------------+-----------------------------+-----------------------------+--------------------+--------------------+-------------------------------------+-------------------------------------+----------------------------+----------------------------+---------------------------+---------------------------+
; FSK_OUT[0]    ; 2.5 V        ; 0 s                 ; 0 s                 ; 2.32 V                       ; 7.11e-07 V                   ; 2.35 V              ; -0.00791 V          ; 0.102 V                              ; 0.023 V                              ; 6.39e-10 s                  ; 5.99e-10 s                  ; Yes                        ; Yes                        ; 2.32 V                      ; 7.11e-07 V                  ; 2.35 V             ; -0.00791 V         ; 0.102 V                             ; 0.023 V                             ; 6.39e-10 s                 ; 5.99e-10 s                 ; Yes                       ; Yes                       ;
; FSK_OUT[1]    ; 2.5 V        ; 0 s                 ; 0 s                 ; 2.32 V                       ; 1.06e-06 V                   ; 2.36 V              ; -0.00548 V          ; 0.108 V                              ; 0.017 V                              ; 4.48e-10 s                  ; 4.25e-10 s                  ; Yes                        ; Yes                        ; 2.32 V                      ; 1.06e-06 V                  ; 2.36 V             ; -0.00548 V         ; 0.108 V                             ; 0.017 V                             ; 4.48e-10 s                 ; 4.25e-10 s                 ; Yes                       ; Yes                       ;
; FSK_OUT[2]    ; 2.5 V        ; 0 s                 ; 0 s                 ; 2.32 V                       ; 1.06e-06 V                   ; 2.36 V              ; -0.00548 V          ; 0.108 V                              ; 0.017 V                              ; 4.48e-10 s                  ; 4.25e-10 s                  ; Yes                        ; Yes                        ; 2.32 V                      ; 1.06e-06 V                  ; 2.36 V             ; -0.00548 V         ; 0.108 V                             ; 0.017 V                             ; 4.48e-10 s                 ; 4.25e-10 s                 ; Yes                       ; Yes                       ;
; FSK_OUT[3]    ; 2.5 V        ; 0 s                 ; 0 s                 ; 2.32 V                       ; 1.06e-06 V                   ; 2.36 V              ; -0.00548 V          ; 0.108 V                              ; 0.017 V                              ; 4.48e-10 s                  ; 4.25e-10 s                  ; Yes                        ; Yes                        ; 2.32 V                      ; 1.06e-06 V                  ; 2.36 V             ; -0.00548 V         ; 0.108 V                             ; 0.017 V                             ; 4.48e-10 s                 ; 4.25e-10 s                 ; Yes                       ; Yes                       ;
; FSK_OUT[4]    ; 2.5 V        ; 0 s                 ; 0 s                 ; 2.32 V                       ; 1.06e-06 V                   ; 2.36 V              ; -0.00548 V          ; 0.108 V                              ; 0.017 V                              ; 4.48e-10 s                  ; 4.25e-10 s                  ; Yes                        ; Yes                        ; 2.32 V                      ; 1.06e-06 V                  ; 2.36 V             ; -0.00548 V         ; 0.108 V                             ; 0.017 V                             ; 4.48e-10 s                 ; 4.25e-10 s                 ; Yes                       ; Yes                       ;
; FSK_OUT[5]    ; 2.5 V        ; 0 s                 ; 0 s                 ; 2.32 V                       ; 1.06e-06 V                   ; 2.36 V              ; -0.00548 V          ; 0.108 V                              ; 0.017 V                              ; 4.48e-10 s                  ; 4.25e-10 s                  ; Yes                        ; Yes                        ; 2.32 V                      ; 1.06e-06 V                  ; 2.36 V             ; -0.00548 V         ; 0.108 V                             ; 0.017 V                             ; 4.48e-10 s                 ; 4.25e-10 s                 ; Yes                       ; Yes                       ;
; FSK_OUT[6]    ; 2.5 V        ; 0 s                 ; 0 s                 ; 2.32 V                       ; 1.06e-06 V                   ; 2.36 V              ; -0.00548 V          ; 0.108 V                              ; 0.017 V                              ; 4.48e-10 s                  ; 4.25e-10 s                  ; Yes                        ; Yes                        ; 2.32 V                      ; 1.06e-06 V                  ; 2.36 V             ; -0.00548 V         ; 0.108 V                             ; 0.017 V                             ; 4.48e-10 s                 ; 4.25e-10 s                 ; Yes                       ; Yes                       ;
; FSK_OUT[7]    ; 2.5 V        ; 0 s                 ; 0 s                 ; 2.32 V                       ; 1.06e-06 V                   ; 2.36 V              ; -0.00548 V          ; 0.108 V                              ; 0.017 V                              ; 4.48e-10 s                  ; 4.25e-10 s                  ; Yes                        ; Yes                        ; 2.32 V                      ; 1.06e-06 V                  ; 2.36 V             ; -0.00548 V         ; 0.108 V                             ; 0.017 V                             ; 4.48e-10 s                 ; 4.25e-10 s                 ; Yes                       ; Yes                       ;
; PA_out[0]     ; 2.5 V        ; 0 s                 ; 0 s                 ; 2.32 V                       ; 1.06e-06 V                   ; 2.36 V              ; -0.00548 V          ; 0.108 V                              ; 0.017 V                              ; 4.48e-10 s                  ; 4.25e-10 s                  ; Yes                        ; Yes                        ; 2.32 V                      ; 1.06e-06 V                  ; 2.36 V             ; -0.00548 V         ; 0.108 V                             ; 0.017 V                             ; 4.48e-10 s                 ; 4.25e-10 s                 ; Yes                       ; Yes                       ;
; PA_out[1]     ; 2.5 V        ; 0 s                 ; 0 s                 ; 2.32 V                       ; 7.11e-07 V                   ; 2.36 V              ; -0.00477 V          ; 0.097 V                              ; 0.012 V                              ; 4.4e-10 s                   ; 4.15e-10 s                  ; Yes                        ; Yes                        ; 2.32 V                      ; 7.11e-07 V                  ; 2.36 V             ; -0.00477 V         ; 0.097 V                             ; 0.012 V                             ; 4.4e-10 s                  ; 4.15e-10 s                 ; Yes                       ; Yes                       ;
; PA_out[2]     ; 2.5 V        ; 0 s                 ; 0 s                 ; 2.32 V                       ; 1.06e-06 V                   ; 2.36 V              ; -0.00548 V          ; 0.108 V                              ; 0.017 V                              ; 4.48e-10 s                  ; 4.25e-10 s                  ; Yes                        ; Yes                        ; 2.32 V                      ; 1.06e-06 V                  ; 2.36 V             ; -0.00548 V         ; 0.108 V                             ; 0.017 V                             ; 4.48e-10 s                 ; 4.25e-10 s                 ; Yes                       ; Yes                       ;
; PA_out[3]     ; 2.5 V        ; 0 s                 ; 0 s                 ; 2.32 V                       ; 1.06e-06 V                   ; 2.36 V              ; -0.00548 V          ; 0.108 V                              ; 0.017 V                              ; 4.48e-10 s                  ; 4.25e-10 s                  ; Yes                        ; Yes                        ; 2.32 V                      ; 1.06e-06 V                  ; 2.36 V             ; -0.00548 V         ; 0.108 V                             ; 0.017 V                             ; 4.48e-10 s                 ; 4.25e-10 s                 ; Yes                       ; Yes                       ;
; PA_out[4]     ; 2.5 V        ; 0 s                 ; 0 s                 ; 2.32 V                       ; 7.11e-07 V                   ; 2.35 V              ; -0.00791 V          ; 0.102 V                              ; 0.023 V                              ; 6.39e-10 s                  ; 5.99e-10 s                  ; Yes                        ; Yes                        ; 2.32 V                      ; 7.11e-07 V                  ; 2.35 V             ; -0.00791 V         ; 0.102 V                             ; 0.023 V                             ; 6.39e-10 s                 ; 5.99e-10 s                 ; Yes                       ; Yes                       ;
; LUT_OUT[0]    ; 2.5 V        ; 0 s                 ; 0 s                 ; 2.32 V                       ; 7.11e-07 V                   ; 2.35 V              ; -0.00791 V          ; 0.102 V                              ; 0.023 V                              ; 6.39e-10 s                  ; 5.99e-10 s                  ; Yes                        ; Yes                        ; 2.32 V                      ; 7.11e-07 V                  ; 2.35 V             ; -0.00791 V         ; 0.102 V                             ; 0.023 V                             ; 6.39e-10 s                 ; 5.99e-10 s                 ; Yes                       ; Yes                       ;
; LUT_OUT[1]    ; 2.5 V        ; 0 s                 ; 0 s                 ; 2.32 V                       ; 1.06e-06 V                   ; 2.33 V              ; -0.00343 V          ; 0.134 V                              ; 0.076 V                              ; 3.33e-09 s                  ; 3.16e-09 s                  ; Yes                        ; Yes                        ; 2.32 V                      ; 1.06e-06 V                  ; 2.33 V             ; -0.00343 V         ; 0.134 V                             ; 0.076 V                             ; 3.33e-09 s                 ; 3.16e-09 s                 ; Yes                       ; Yes                       ;
; LUT_OUT[2]    ; 2.5 V        ; 0 s                 ; 0 s                 ; 2.32 V                       ; 1.06e-06 V                   ; 2.36 V              ; -0.00548 V          ; 0.108 V                              ; 0.017 V                              ; 4.48e-10 s                  ; 4.25e-10 s                  ; Yes                        ; Yes                        ; 2.32 V                      ; 1.06e-06 V                  ; 2.36 V             ; -0.00548 V         ; 0.108 V                             ; 0.017 V                             ; 4.48e-10 s                 ; 4.25e-10 s                 ; Yes                       ; Yes                       ;
; LUT_OUT[3]    ; 2.5 V        ; 0 s                 ; 0 s                 ; 2.32 V                       ; 1.06e-06 V                   ; 2.36 V              ; -0.00548 V          ; 0.108 V                              ; 0.017 V                              ; 4.48e-10 s                  ; 4.25e-10 s                  ; Yes                        ; Yes                        ; 2.32 V                      ; 1.06e-06 V                  ; 2.36 V             ; -0.00548 V         ; 0.108 V                             ; 0.017 V                             ; 4.48e-10 s                 ; 4.25e-10 s                 ; Yes                       ; Yes                       ;
; LUT_OUT[4]    ; 2.5 V        ; 0 s                 ; 0 s                 ; 2.32 V                       ; 1.06e-06 V                   ; 2.36 V              ; -0.00548 V          ; 0.108 V                              ; 0.017 V                              ; 4.48e-10 s                  ; 4.25e-10 s                  ; Yes                        ; Yes                        ; 2.32 V                      ; 1.06e-06 V                  ; 2.36 V             ; -0.00548 V         ; 0.108 V                             ; 0.017 V                             ; 4.48e-10 s                 ; 4.25e-10 s                 ; Yes                       ; Yes                       ;
; LUT_OUT[5]    ; 2.5 V        ; 0 s                 ; 0 s                 ; 2.32 V                       ; 1.06e-06 V                   ; 2.36 V              ; -0.00548 V          ; 0.108 V                              ; 0.017 V                              ; 4.48e-10 s                  ; 4.25e-10 s                  ; Yes                        ; Yes                        ; 2.32 V                      ; 1.06e-06 V                  ; 2.36 V             ; -0.00548 V         ; 0.108 V                             ; 0.017 V                             ; 4.48e-10 s                 ; 4.25e-10 s                 ; Yes                       ; Yes                       ;
; LUT_OUT[6]    ; 2.5 V        ; 0 s                 ; 0 s                 ; 2.32 V                       ; 1.06e-06 V                   ; 2.36 V              ; -0.00548 V          ; 0.108 V                              ; 0.017 V                              ; 4.48e-10 s                  ; 4.25e-10 s                  ; Yes                        ; Yes                        ; 2.32 V                      ; 1.06e-06 V                  ; 2.36 V             ; -0.00548 V         ; 0.108 V                             ; 0.017 V                             ; 4.48e-10 s                 ; 4.25e-10 s                 ; Yes                       ; Yes                       ;
; LUT_OUT[7]    ; 2.5 V        ; 0 s                 ; 0 s                 ; 2.32 V                       ; 1.06e-06 V                   ; 2.36 V              ; -0.00548 V          ; 0.108 V                              ; 0.017 V                              ; 4.48e-10 s                  ; 4.25e-10 s                  ; Yes                        ; Yes                        ; 2.32 V                      ; 1.06e-06 V                  ; 2.36 V             ; -0.00548 V         ; 0.108 V                             ; 0.017 V                             ; 4.48e-10 s                 ; 4.25e-10 s                 ; Yes                       ; Yes                       ;
; ~ALTERA_DCLK~ ; 2.5 V        ; 0 s                 ; 0 s                 ; 2.32 V                       ; 5.68e-07 V                   ; 2.36 V              ; -0.0222 V           ; 0.073 V                              ; 0.035 V                              ; 3.97e-10 s                  ; 3.26e-10 s                  ; Yes                        ; Yes                        ; 2.32 V                      ; 5.68e-07 V                  ; 2.36 V             ; -0.0222 V          ; 0.073 V                             ; 0.035 V                             ; 3.97e-10 s                 ; 3.26e-10 s                 ; Yes                       ; Yes                       ;
; ~ALTERA_nCEO~ ; 2.5 V        ; 0 s                 ; 0 s                 ; 2.32 V                       ; 9.36e-07 V                   ; 2.35 V              ; -0.00597 V          ; 0.081 V                              ; 0.031 V                              ; 5.3e-10 s                   ; 7.56e-10 s                  ; Yes                        ; Yes                        ; 2.32 V                      ; 9.36e-07 V                  ; 2.35 V             ; -0.00597 V         ; 0.081 V                             ; 0.031 V                             ; 5.3e-10 s                  ; 7.56e-10 s                 ; Yes                       ; Yes                       ;
+---------------+--------------+---------------------+---------------------+------------------------------+------------------------------+---------------------+---------------------+--------------------------------------+--------------------------------------+-----------------------------+-----------------------------+----------------------------+----------------------------+-----------------------------+-----------------------------+--------------------+--------------------+-------------------------------------+-------------------------------------+----------------------------+----------------------------+---------------------------+---------------------------+


+--------------------------------------------------------------------------------------------------------------------------------------------------------------------------------------------------------------------------------------------------------------------------------------------------------------------------------------------------------------------------------------------------------------------------------------------------------------------------------------------------------------------------------------------------------------------------------------------------------------------------------------------------------------------------------------------+
; Fast Corner Signal Integrity Metrics                                                                                                                                                                                                                                                                                                                                                                                                                                                                                                                                                                                                                                                       ;
+---------------+--------------+---------------------+---------------------+------------------------------+------------------------------+---------------------+---------------------+--------------------------------------+--------------------------------------+-----------------------------+-----------------------------+----------------------------+----------------------------+-----------------------------+-----------------------------+--------------------+--------------------+-------------------------------------+-------------------------------------+----------------------------+----------------------------+---------------------------+---------------------------+
; Pin           ; I/O Standard ; Board Delay on Rise ; Board Delay on Fall ; Steady State Voh at FPGA Pin ; Steady State Vol at FPGA Pin ; Voh Max at FPGA Pin ; Vol Min at FPGA Pin ; Ringback Voltage on Rise at FPGA Pin ; Ringback Voltage on Fall at FPGA Pin ; 10-90 Rise Time at FPGA Pin ; 90-10 Fall Time at FPGA Pin ; Monotonic Rise at FPGA Pin ; Monotonic Fall at FPGA Pin ; Steady State Voh at Far-end ; Steady State Vol at Far-end ; Voh Max at Far-end ; Vol Min at Far-end ; Ringback Voltage on Rise at Far-end ; Ringback Voltage on Fall at Far-end ; 10-90 Rise Time at Far-end ; 90-10 Fall Time at Far-end ; Monotonic Rise at Far-end ; Monotonic Fall at Far-end ;
+---------------+--------------+---------------------+---------------------+------------------------------+------------------------------+---------------------+---------------------+--------------------------------------+--------------------------------------+-----------------------------+-----------------------------+----------------------------+----------------------------+-----------------------------+-----------------------------+--------------------+--------------------+-------------------------------------+-------------------------------------+----------------------------+----------------------------+---------------------------+---------------------------+
; FSK_OUT[0]    ; 2.5 V        ; 0 s                 ; 0 s                 ; 2.62 V                       ; 2.7e-08 V                    ; 2.71 V              ; -0.0354 V           ; 0.148 V                              ; 0.064 V                              ; 4.51e-10 s                  ; 4.14e-10 s                  ; No                         ; Yes                        ; 2.62 V                      ; 2.7e-08 V                   ; 2.71 V             ; -0.0354 V          ; 0.148 V                             ; 0.064 V                             ; 4.51e-10 s                 ; 4.14e-10 s                 ; No                        ; Yes                       ;
; FSK_OUT[1]    ; 2.5 V        ; 0 s                 ; 0 s                 ; 2.62 V                       ; 4.02e-08 V                   ; 2.71 V              ; -0.0354 V           ; 0.174 V                              ; 0.098 V                              ; 2.73e-10 s                  ; 2.69e-10 s                  ; Yes                        ; Yes                        ; 2.62 V                      ; 4.02e-08 V                  ; 2.71 V             ; -0.0354 V          ; 0.174 V                             ; 0.098 V                             ; 2.73e-10 s                 ; 2.69e-10 s                 ; Yes                       ; Yes                       ;
; FSK_OUT[2]    ; 2.5 V        ; 0 s                 ; 0 s                 ; 2.62 V                       ; 4.02e-08 V                   ; 2.71 V              ; -0.0354 V           ; 0.174 V                              ; 0.098 V                              ; 2.73e-10 s                  ; 2.69e-10 s                  ; Yes                        ; Yes                        ; 2.62 V                      ; 4.02e-08 V                  ; 2.71 V             ; -0.0354 V          ; 0.174 V                             ; 0.098 V                             ; 2.73e-10 s                 ; 2.69e-10 s                 ; Yes                       ; Yes                       ;
; FSK_OUT[3]    ; 2.5 V        ; 0 s                 ; 0 s                 ; 2.62 V                       ; 4.02e-08 V                   ; 2.71 V              ; -0.0354 V           ; 0.174 V                              ; 0.098 V                              ; 2.73e-10 s                  ; 2.69e-10 s                  ; Yes                        ; Yes                        ; 2.62 V                      ; 4.02e-08 V                  ; 2.71 V             ; -0.0354 V          ; 0.174 V                             ; 0.098 V                             ; 2.73e-10 s                 ; 2.69e-10 s                 ; Yes                       ; Yes                       ;
; FSK_OUT[4]    ; 2.5 V        ; 0 s                 ; 0 s                 ; 2.62 V                       ; 4.02e-08 V                   ; 2.71 V              ; -0.0354 V           ; 0.174 V                              ; 0.098 V                              ; 2.73e-10 s                  ; 2.69e-10 s                  ; Yes                        ; Yes                        ; 2.62 V                      ; 4.02e-08 V                  ; 2.71 V             ; -0.0354 V          ; 0.174 V                             ; 0.098 V                             ; 2.73e-10 s                 ; 2.69e-10 s                 ; Yes                       ; Yes                       ;
; FSK_OUT[5]    ; 2.5 V        ; 0 s                 ; 0 s                 ; 2.62 V                       ; 4.02e-08 V                   ; 2.71 V              ; -0.0354 V           ; 0.174 V                              ; 0.098 V                              ; 2.73e-10 s                  ; 2.69e-10 s                  ; Yes                        ; Yes                        ; 2.62 V                      ; 4.02e-08 V                  ; 2.71 V             ; -0.0354 V          ; 0.174 V                             ; 0.098 V                             ; 2.73e-10 s                 ; 2.69e-10 s                 ; Yes                       ; Yes                       ;
; FSK_OUT[6]    ; 2.5 V        ; 0 s                 ; 0 s                 ; 2.62 V                       ; 4.02e-08 V                   ; 2.71 V              ; -0.0354 V           ; 0.174 V                              ; 0.098 V                              ; 2.73e-10 s                  ; 2.69e-10 s                  ; Yes                        ; Yes                        ; 2.62 V                      ; 4.02e-08 V                  ; 2.71 V             ; -0.0354 V          ; 0.174 V                             ; 0.098 V                             ; 2.73e-10 s                 ; 2.69e-10 s                 ; Yes                       ; Yes                       ;
; FSK_OUT[7]    ; 2.5 V        ; 0 s                 ; 0 s                 ; 2.62 V                       ; 4.02e-08 V                   ; 2.71 V              ; -0.0354 V           ; 0.174 V                              ; 0.098 V                              ; 2.73e-10 s                  ; 2.69e-10 s                  ; Yes                        ; Yes                        ; 2.62 V                      ; 4.02e-08 V                  ; 2.71 V             ; -0.0354 V          ; 0.174 V                             ; 0.098 V                             ; 2.73e-10 s                 ; 2.69e-10 s                 ; Yes                       ; Yes                       ;
; PA_out[0]     ; 2.5 V        ; 0 s                 ; 0 s                 ; 2.62 V                       ; 4.02e-08 V                   ; 2.71 V              ; -0.0354 V           ; 0.174 V                              ; 0.098 V                              ; 2.73e-10 s                  ; 2.69e-10 s                  ; Yes                        ; Yes                        ; 2.62 V                      ; 4.02e-08 V                  ; 2.71 V             ; -0.0354 V          ; 0.174 V                             ; 0.098 V                             ; 2.73e-10 s                 ; 2.69e-10 s                 ; Yes                       ; Yes                       ;
; PA_out[1]     ; 2.5 V        ; 0 s                 ; 0 s                 ; 2.62 V                       ; 2.7e-08 V                    ; 2.72 V              ; -0.0401 V           ; 0.163 V                              ; 0.091 V                              ; 2.71e-10 s                  ; 2.61e-10 s                  ; Yes                        ; Yes                        ; 2.62 V                      ; 2.7e-08 V                   ; 2.72 V             ; -0.0401 V          ; 0.163 V                             ; 0.091 V                             ; 2.71e-10 s                 ; 2.61e-10 s                 ; Yes                       ; Yes                       ;
; PA_out[2]     ; 2.5 V        ; 0 s                 ; 0 s                 ; 2.62 V                       ; 4.02e-08 V                   ; 2.71 V              ; -0.0354 V           ; 0.174 V                              ; 0.098 V                              ; 2.73e-10 s                  ; 2.69e-10 s                  ; Yes                        ; Yes                        ; 2.62 V                      ; 4.02e-08 V                  ; 2.71 V             ; -0.0354 V          ; 0.174 V                             ; 0.098 V                             ; 2.73e-10 s                 ; 2.69e-10 s                 ; Yes                       ; Yes                       ;
; PA_out[3]     ; 2.5 V        ; 0 s                 ; 0 s                 ; 2.62 V                       ; 4.02e-08 V                   ; 2.71 V              ; -0.0354 V           ; 0.174 V                              ; 0.098 V                              ; 2.73e-10 s                  ; 2.69e-10 s                  ; Yes                        ; Yes                        ; 2.62 V                      ; 4.02e-08 V                  ; 2.71 V             ; -0.0354 V          ; 0.174 V                             ; 0.098 V                             ; 2.73e-10 s                 ; 2.69e-10 s                 ; Yes                       ; Yes                       ;
; PA_out[4]     ; 2.5 V        ; 0 s                 ; 0 s                 ; 2.62 V                       ; 2.7e-08 V                    ; 2.71 V              ; -0.0354 V           ; 0.148 V                              ; 0.064 V                              ; 4.51e-10 s                  ; 4.14e-10 s                  ; No                         ; Yes                        ; 2.62 V                      ; 2.7e-08 V                   ; 2.71 V             ; -0.0354 V          ; 0.148 V                             ; 0.064 V                             ; 4.51e-10 s                 ; 4.14e-10 s                 ; No                        ; Yes                       ;
; LUT_OUT[0]    ; 2.5 V        ; 0 s                 ; 0 s                 ; 2.62 V                       ; 2.7e-08 V                    ; 2.71 V              ; -0.0354 V           ; 0.148 V                              ; 0.064 V                              ; 4.51e-10 s                  ; 4.14e-10 s                  ; No                         ; Yes                        ; 2.62 V                      ; 2.7e-08 V                   ; 2.71 V             ; -0.0354 V          ; 0.148 V                             ; 0.064 V                             ; 4.51e-10 s                 ; 4.14e-10 s                 ; No                        ; Yes                       ;
; LUT_OUT[1]    ; 2.5 V        ; 0 s                 ; 0 s                 ; 2.62 V                       ; 4.02e-08 V                   ; 2.64 V              ; -0.0115 V           ; 0.204 V                              ; 0.12 V                               ; 2.38e-09 s                  ; 2.24e-09 s                  ; No                         ; Yes                        ; 2.62 V                      ; 4.02e-08 V                  ; 2.64 V             ; -0.0115 V          ; 0.204 V                             ; 0.12 V                              ; 2.38e-09 s                 ; 2.24e-09 s                 ; No                        ; Yes                       ;
; LUT_OUT[2]    ; 2.5 V        ; 0 s                 ; 0 s                 ; 2.62 V                       ; 4.02e-08 V                   ; 2.71 V              ; -0.0354 V           ; 0.174 V                              ; 0.098 V                              ; 2.73e-10 s                  ; 2.69e-10 s                  ; Yes                        ; Yes                        ; 2.62 V                      ; 4.02e-08 V                  ; 2.71 V             ; -0.0354 V          ; 0.174 V                             ; 0.098 V                             ; 2.73e-10 s                 ; 2.69e-10 s                 ; Yes                       ; Yes                       ;
; LUT_OUT[3]    ; 2.5 V        ; 0 s                 ; 0 s                 ; 2.62 V                       ; 4.02e-08 V                   ; 2.71 V              ; -0.0354 V           ; 0.174 V                              ; 0.098 V                              ; 2.73e-10 s                  ; 2.69e-10 s                  ; Yes                        ; Yes                        ; 2.62 V                      ; 4.02e-08 V                  ; 2.71 V             ; -0.0354 V          ; 0.174 V                             ; 0.098 V                             ; 2.73e-10 s                 ; 2.69e-10 s                 ; Yes                       ; Yes                       ;
; LUT_OUT[4]    ; 2.5 V        ; 0 s                 ; 0 s                 ; 2.62 V                       ; 4.02e-08 V                   ; 2.71 V              ; -0.0354 V           ; 0.174 V                              ; 0.098 V                              ; 2.73e-10 s                  ; 2.69e-10 s                  ; Yes                        ; Yes                        ; 2.62 V                      ; 4.02e-08 V                  ; 2.71 V             ; -0.0354 V          ; 0.174 V                             ; 0.098 V                             ; 2.73e-10 s                 ; 2.69e-10 s                 ; Yes                       ; Yes                       ;
; LUT_OUT[5]    ; 2.5 V        ; 0 s                 ; 0 s                 ; 2.62 V                       ; 4.02e-08 V                   ; 2.71 V              ; -0.0354 V           ; 0.174 V                              ; 0.098 V                              ; 2.73e-10 s                  ; 2.69e-10 s                  ; Yes                        ; Yes                        ; 2.62 V                      ; 4.02e-08 V                  ; 2.71 V             ; -0.0354 V          ; 0.174 V                             ; 0.098 V                             ; 2.73e-10 s                 ; 2.69e-10 s                 ; Yes                       ; Yes                       ;
; LUT_OUT[6]    ; 2.5 V        ; 0 s                 ; 0 s                 ; 2.62 V                       ; 4.02e-08 V                   ; 2.71 V              ; -0.0354 V           ; 0.174 V                              ; 0.098 V                              ; 2.73e-10 s                  ; 2.69e-10 s                  ; Yes                        ; Yes                        ; 2.62 V                      ; 4.02e-08 V                  ; 2.71 V             ; -0.0354 V          ; 0.174 V                             ; 0.098 V                             ; 2.73e-10 s                 ; 2.69e-10 s                 ; Yes                       ; Yes                       ;
; LUT_OUT[7]    ; 2.5 V        ; 0 s                 ; 0 s                 ; 2.62 V                       ; 4.02e-08 V                   ; 2.71 V              ; -0.0354 V           ; 0.174 V                              ; 0.098 V                              ; 2.73e-10 s                  ; 2.69e-10 s                  ; Yes                        ; Yes                        ; 2.62 V                      ; 4.02e-08 V                  ; 2.71 V             ; -0.0354 V          ; 0.174 V                             ; 0.098 V                             ; 2.73e-10 s                 ; 2.69e-10 s                 ; Yes                       ; Yes                       ;
; ~ALTERA_DCLK~ ; 2.5 V        ; 0 s                 ; 0 s                 ; 2.62 V                       ; 2.2e-08 V                    ; 2.74 V              ; -0.061 V            ; 0.159 V                              ; 0.078 V                              ; 2.7e-10 s                   ; 2.2e-10 s                   ; No                         ; Yes                        ; 2.62 V                      ; 2.2e-08 V                   ; 2.74 V             ; -0.061 V           ; 0.159 V                             ; 0.078 V                             ; 2.7e-10 s                  ; 2.2e-10 s                  ; No                        ; Yes                       ;
; ~ALTERA_nCEO~ ; 2.5 V        ; 0 s                 ; 0 s                 ; 2.62 V                       ; 3.52e-08 V                   ; 2.7 V               ; -0.0121 V           ; 0.274 V                              ; 0.034 V                              ; 3.18e-10 s                  ; 4.96e-10 s                  ; No                         ; Yes                        ; 2.62 V                      ; 3.52e-08 V                  ; 2.7 V              ; -0.0121 V          ; 0.274 V                             ; 0.034 V                             ; 3.18e-10 s                 ; 4.96e-10 s                 ; No                        ; Yes                       ;
+---------------+--------------+---------------------+---------------------+------------------------------+------------------------------+---------------------+---------------------+--------------------------------------+--------------------------------------+-----------------------------+-----------------------------+----------------------------+----------------------------+-----------------------------+-----------------------------+--------------------+--------------------+-------------------------------------+-------------------------------------+----------------------------+----------------------------+---------------------------+---------------------------+


+-------------------------------------------------------------------+
; Setup Transfers                                                   ;
+------------+----------+----------+----------+----------+----------+
; From Clock ; To Clock ; RR Paths ; FR Paths ; RF Paths ; FF Paths ;
+------------+----------+----------+----------+----------+----------+
; clkin      ; clkin    ; 54       ; 0        ; 0        ; 0        ;
+------------+----------+----------+----------+----------+----------+
Entries labeled "false path" only account for clock-to-clock false paths and not path-based false paths. As a result, actual path counts may be lower than reported.


+-------------------------------------------------------------------+
; Hold Transfers                                                    ;
+------------+----------+----------+----------+----------+----------+
; From Clock ; To Clock ; RR Paths ; FR Paths ; RF Paths ; FF Paths ;
+------------+----------+----------+----------+----------+----------+
; clkin      ; clkin    ; 54       ; 0        ; 0        ; 0        ;
+------------+----------+----------+----------+----------+----------+
Entries labeled "false path" only account for clock-to-clock false paths and not path-based false paths. As a result, actual path counts may be lower than reported.


---------------
; Report TCCS ;
---------------
No dedicated SERDES Transmitter circuitry present in device or used in design


---------------
; Report RSKM ;
---------------
No non-DPA dedicated SERDES Receiver circuitry present in device or used in design


+------------------------------------------------+
; Unconstrained Paths                            ;
+---------------------------------+-------+------+
; Property                        ; Setup ; Hold ;
+---------------------------------+-------+------+
; Illegal Clocks                  ; 0     ; 0    ;
; Unconstrained Clocks            ; 0     ; 0    ;
; Unconstrained Input Ports       ; 10    ; 10   ;
; Unconstrained Input Port Paths  ; 30    ; 30   ;
; Unconstrained Output Ports      ; 21    ; 21   ;
; Unconstrained Output Port Paths ; 21    ; 21   ;
+---------------------------------+-------+------+


+------------------------------------+
; TimeQuest Timing Analyzer Messages ;
+------------------------------------+
Info: *******************************************************************
Info: Running Quartus II 64-Bit TimeQuest Timing Analyzer
    Info: Version 13.1.0 Build 162 10/23/2013 SJ Web Edition
    Info: Processing started: Sun Jan 05 17:55:44 2025
Info: Command: quartus_sta DSS -c DSS
Info: qsta_default_script.tcl version: #1
Info (11104): Parallel Compilation has detected 4 hyper-threaded processors. However, the extra hyper-threaded processors will not be used by default. Parallel Compilation will use 2 of the 2 physical processors detected instead.
Info (21076): High junction temperature operating condition is not set. Assuming a default value of '85'.
Info (21076): Low junction temperature operating condition is not set. Assuming a default value of '0'.
Critical Warning (332012): Synopsys Design Constraints File file not found: 'DSS.sdc'. A Synopsys Design Constraints File is required by the TimeQuest Timing Analyzer to get proper timing constraints. Without it, the Compiler will not properly optimize the design.
Info (332142): No user constrained base clocks found in the design. Calling "derive_clocks -period 1.0"
Info (332105): Deriving Clocks
    Info (332105): create_clock -period 1.000 -name clkin clkin
Info (332143): No user constrained clock uncertainty found in the design. Calling "derive_clock_uncertainty"
Info (332123): Deriving Clock Uncertainty. Please refer to report_sdc in TimeQuest to see clock uncertainties.
Info: Found TIMEQUEST_REPORT_SCRIPT_INCLUDE_DEFAULT_ANALYSIS = ON
Info: Analyzing Slow 1200mV 85C Model
Critical Warning (332148): Timing requirements not met
    Info (11105): For recommendations on closing timing, run Report Timing Closure Recommendations in the TimeQuest Timing Analyzer.
Info (332146): Worst-case setup slack is -1.756
    Info (332119):     Slack       End Point TNS Clock 
    Info (332119): ========= =================== =====================
    Info (332119):    -1.756             -18.769 clkin 
Info (332146): Worst-case hold slack is 0.357
    Info (332119):     Slack       End Point TNS Clock 
    Info (332119): ========= =================== =====================
    Info (332119):     0.357               0.000 clkin 
Info (332140): No Recovery paths to report
Info (332140): No Removal paths to report
Info (332146): Worst-case minimum pulse width slack is -3.000
    Info (332119):     Slack       End Point TNS Clock 
    Info (332119): ========= =================== =====================
    Info (332119):    -3.000             -36.566 clkin 
Info: Analyzing Slow 1200mV 0C Model
Info (334003): Started post-fitting delay annotation
Info (334004): Delay annotation completed successfully
Info (332123): Deriving Clock Uncertainty. Please refer to report_sdc in TimeQuest to see clock uncertainties.
Critical Warning (332148): Timing requirements not met
    Info (11105): For recommendations on closing timing, run Report Timing Closure Recommendations in the TimeQuest Timing Analyzer.
Info (332146): Worst-case setup slack is -1.484
    Info (332119):     Slack       End Point TNS Clock 
    Info (332119): ========= =================== =====================
    Info (332119):    -1.484             -15.170 clkin 
Info (332146): Worst-case hold slack is 0.311
    Info (332119):     Slack       End Point TNS Clock 
    Info (332119): ========= =================== =====================
    Info (332119):     0.311               0.000 clkin 
Info (332140): No Recovery paths to report
Info (332140): No Removal paths to report
Info (332146): Worst-case minimum pulse width slack is -3.000
    Info (332119):     Slack       End Point TNS Clock 
    Info (332119): ========= =================== =====================
    Info (332119):    -3.000             -36.566 clkin 
Info: Analyzing Fast 1200mV 0C Model
Info (332123): Deriving Clock Uncertainty. Please refer to report_sdc in TimeQuest to see clock uncertainties.
Critical Warning (332148): Timing requirements not met
    Info (11105): For recommendations on closing timing, run Report Timing Closure Recommendations in the TimeQuest Timing Analyzer.
Info (332146): Worst-case setup slack is -0.324
    Info (332119):     Slack       End Point TNS Clock 
    Info (332119): ========= =================== =====================
    Info (332119):    -0.324              -2.936 clkin 
Info (332146): Worst-case hold slack is 0.186
    Info (332119):     Slack       End Point TNS Clock 
    Info (332119): ========= =================== =====================
    Info (332119):     0.186               0.000 clkin 
Info (332140): No Recovery paths to report
Info (332140): No Removal paths to report
Info (332146): Worst-case minimum pulse width slack is -3.000
    Info (332119):     Slack       End Point TNS Clock 
    Info (332119): ========= =================== =====================
    Info (332119):    -3.000             -27.939 clkin 
Info (332102): Design is not fully constrained for setup requirements
Info (332102): Design is not fully constrained for hold requirements
Info: Quartus II 64-Bit TimeQuest Timing Analyzer was successful. 0 errors, 4 warnings
    Info: Peak virtual memory: 4660 megabytes
    Info: Processing ended: Sun Jan 05 17:55:49 2025
    Info: Elapsed time: 00:00:05
    Info: Total CPU time (on all processors): 00:00:03


